closure_dossier_id,source_record_id,source_title,source_url,official_status_normalized,source_project_status_public,source_procurement_stage,primary_project_cost_inr,verification_priority,official_award_join_status,closure_status,joined_official_fact_count,has_award_or_work_order_truth,has_work_order_truth,has_completion_truth,has_award_identity_truth,has_contractor_or_successful_bidder_truth,missing_official_fields_json,current_promotable_fields_json,document_count,priority_documents_json,boq_best_total_amount_inr,boq_best_total_label,scm_lead_count,scm_work_order_lead_count,public_contractor_lead_count,public_named_party_lead_count,official_source_attempt_count,official_source_attempt_statuses_json,official_lifecycle_context_count,official_lifecycle_stages_json,trusted_current_use,cannot_claim,next_official_source_needed,promotion_decision,promotion_decision_reason,limitations
official_award_closure_405432c9a717c5f63907,mscl_project_0200b990f5c757cc,Command Control Centre Stage II,https://mangalurusmartcity.net/project/36,ongoing,ongoing,ongoing_project_listing,,medium,no_matching_official_import_row,no_promotable_official_award_row,0,False,False,False,False,False,"[""tender_status"", ""award_date"", ""work_order_date"", ""contractor_or_successful_bidder"", ""award_amount_inr"", ""work_order_amount_inr"", ""official_source_url""]",[],0,[],,,1,0,0,0,3,"{""timeout"": 3}",1,"[""dpr_work_under_progress""]","Use MSCL page status/cost, document, BOQ, SCM, and public lead evidence only as review context; do not promote to official award/work-order truth.","Cannot claim verified contractor or successful bidder, award date, award amount, work-order date, work-order amount from the current release.","Add a lawful KPPP/eProc, MSCL, MCC, or Karnataka Legislature answer/export row for Command Control Centre Stage II with source URL, work-order or award date, amount, and contractor/successful-bidder fields.",do_not_promote_award_fields,"No joined official import row currently proves award, work-order, amount, or contractor truth.","Official closure dossier only. SCM rows and public contractor leads are review leads; they are not promoted to official award, contractor, or successful-bidder truth."
official_award_closure_cb554812c6f68f72854d,mscl_project_ebcb7dbf7feeaf21,Command and Control Center Stage I,https://mangalurusmartcity.net/project/35,completed,completed,completed_project_listing,,high,official_award_or_work_order_truth_joined,official_work_order_status_joined_contractor_gap,1,True,True,False,False,False,"[""award_date"", ""contractor_or_successful_bidder"", ""award_amount_inr""]","[""tender_status"", ""work_order_date"", ""work_order_amount_inr"", ""official_source_url""]",6,"[{""document_id"": ""mscl_doc_8b5325187ac10653_child_657d5c55907f0910"", ""document_label"": ""mangaluruccc_rfp_volume-3.pdf"", ""document_role"": ""rfp"", ""document_url"": ""https://mangalurusmartcity.net/contents/7556550.10117057-818985.675350065.rar#archive-entry=BOQ/mangaluruccc_rfp_volume-3.pdf"", ""parse_status"": ""parsed"", ""review_priority"": ""high"", ""table_count"": 0, ""text_char_count"": 173938}, {""document_id"": ""mscl_doc_8b5325187ac10653_child_c9f502d687dabc24"", ""document_label"": ""mangaluruccc_rfp_volume-1.pdf"", ""document_role"": ""rfp"", ""document_url"": ""https://mangalurusmartcity.net/contents/7556550.10117057-818985.675350065.rar#archive-entry=BOQ/mangaluruccc_rfp_volume-1.pdf"", ""parse_status"": ""parsed"", ""review_priority"": ""high"", ""table_count"": 0, ""text_char_count"": 269781}, {""document_id"": ""mscl_doc_8b5325187ac10653_child_d1bad5623a0b1649"", ""document_label"": ""mangaluruccc_rfp_volume-2.pdf"", ""document_role"": ""rfp"", ""document_url"": ""https://mangalurusmartcity.net/contents/7556550.10117057-818985.675350065.rar#archive-entry=BOQ/mangaluruccc_rfp_volume-2.pdf"", ""parse_status"": ""parsed"", ""review_priority"": ""high"", ""table_count"": 0, ""text_char_count"": 391376}, {""document_id"": ""mscl_doc_8b5325187ac10653_child_d80a7554d84c46dd"", ""document_label"": ""goods_catalogue_for refference2018may11.pdf"", ""document_role"": ""boq"", ""document_url"": ""https://mangalurusmartcity.net/contents/7556550.10117057-818985.675350065.rar#archive-entry=BOQ/goods_catalogue_for%20refference2018may11.pdf"", ""parse_status"": ""parsed"", ""review_priority"": ""medium"", ""table_count"": 0, ""text_char_count"": 76224}, {""document_id"": ""mscl_doc_8b5325187ac10653"", ""document_label"": ""BOQ"", ""document_role"": ""boq"", ""document_url"": ""https://mangalurusmartcity.net/contents/7556550.10117057-818985.675350065.rar"", ""parse_status"": ""archive_inventory_extracted"", ""review_priority"": ""medium"", ""table_count"": 0, ""text_char_count"": 0}, {""document_id"": ""mscl_doc_958ecdd0a44a0c54"", ""document_label"": ""DPR"", ""document_role"": ""dpr"", ""document_url"": ""https://mangalurusmartcity.net/contents/6104404.0490428-1480365.87415031.pdf"", ""parse_status"": ""parsed"", ""review_priority"": ""low"", ""table_count"": 0, ""text_char_count"": 992508}]",,,1,1,3,3,4,"{""indexed_table_text_curated"": 1, ""timeout"": 3}",0,[],Use joined official work-order/status fields as lifecycle evidence; do not use as contractor or successful-bidder truth.,"Cannot claim verified contractor or successful bidder, award date, award amount from the current release.","Add a lawful KPPP/eProc, MSCL, or MCC award-register/export row for Command and Control Center Stage I that names the contractor/successful bidder and award amount/date.",promote_work_order_status_fields_only,Joined official rows provide work-order/status evidence but not award identity or contractor truth.,"Official closure dossier only. SCM rows and public contractor leads are review leads; they are not promoted to official award, contractor, or successful-bidder truth."
official_award_closure_04db6876a71afc2092dc,mscl_project_0ec62aa9ef918d00,Connector Road from NH66 near Jeppu to Morgansgate Including construction of RUB,https://mangalurusmartcity.net/project/24,completed,completed,completed_project_listing,499500000.0,high,no_matching_official_import_row,no_promotable_official_award_row,0,False,False,False,False,False,"[""tender_status"", ""award_date"", ""work_order_date"", ""contractor_or_successful_bidder"", ""award_amount_inr"", ""work_order_amount_inr"", ""official_source_url""]",[],1,"[{""document_id"": ""mscl_doc_fa18f450a3b36500"", ""document_label"": ""DPR"", ""document_role"": ""dpr"", ""document_url"": ""https://mangalurusmartcity.net/contents/2515728.14887191-994752.672272598.pdf"", ""parse_status"": ""parsed"", ""review_priority"": ""low"", ""table_count"": 0, ""text_char_count"": 30558}]",,,1,0,0,0,3,"{""timeout"": 3}",2,"[""concept_note_tc_approved_railway_estimate_pending"", ""tender_notified_bid_submission_pending_or_recent""]","Use MSCL page status/cost, document, BOQ, SCM, and public lead evidence only as review context; do not promote to official award/work-order truth.","Cannot claim verified contractor or successful bidder, award date, award amount, work-order date, work-order amount from the current release.","Add a lawful KPPP/eProc, MSCL, MCC, or Karnataka Legislature answer/export row for Connector Road from NH66 near Jeppu to Morgansgate Including construction of RUB with source URL, work-order or award date, amount, and contractor/successful-bidder fields.",do_not_promote_award_fields,"No joined official import row currently proves award, work-order, amount, or contractor truth.","Official closure dossier only. SCM rows and public contractor leads are review leads; they are not promoted to official award, contractor, or successful-bidder truth."
official_award_closure_3b921bba76757b26d709,mscl_project_7fc037e25e418d05,Construction of Clock Tower,https://mangalurusmartcity.net/project/29,completed,completed,completed_project_listing,7500000.0,high,official_award_or_work_order_truth_joined,official_work_order_status_joined_contractor_gap,1,True,True,True,False,False,"[""award_date"", ""contractor_or_successful_bidder"", ""award_amount_inr""]","[""tender_status"", ""work_order_date"", ""work_order_amount_inr"", ""completion_date"", ""official_source_url""]",23,"[{""document_id"": ""mscl_doc_d0e26482cf905d3e"", ""document_label"": ""BOQ"", ""document_role"": ""boq"", ""document_url"": ""https://mangalurusmartcity.net/contents/7484724.61359795-1460797.67076798.pdf"", ""parse_status"": ""parsed"", ""review_priority"": ""medium"", ""table_count"": 0, ""text_char_count"": 53}, {""document_id"": ""mscl_doc_aeb249c03db3db62"", ""document_label"": ""DPR"", ""document_role"": ""dpr"", ""document_url"": ""https://mangalurusmartcity.net/contents/9649236.20673327-1374334.34927822.pdf"", ""parse_status"": ""parsed"", ""review_priority"": ""low"", ""table_count"": 0, ""text_char_count"": 2465}, {""document_id"": ""mscl_doc_ea17836aee45efc4_child_18e55bd3dcc9e686"", ""document_label"": ""09-Plinth Beam.pdf"", ""document_role"": ""drawings"", ""document_url"": ""https://mangalurusmartcity.net/contents/6389827.85231891-606763.289563296.rar#archive-entry=DWG-%2014-06-18/09-Plinth%20Beam.pdf"", ""parse_status"": ""parsed"", ""review_priority"": ""low"", ""table_count"": 0, ""text_char_count"": 21394}, {""document_id"": ""mscl_doc_ea17836aee45efc4_child_2ddaf04d1bb6d2af"", ""document_label"": ""05-Section A-A.pdf"", ""document_role"": ""drawings"", ""document_url"": ""https://mangalurusmartcity.net/contents/6389827.85231891-606763.289563296.rar#archive-entry=DWG-%2014-06-18/05-Section%20A-A.pdf"", ""parse_status"": ""parsed"", ""review_priority"": ""low"", ""table_count"": 0, ""text_char_count"": 1348}, {""document_id"": ""mscl_doc_ea17836aee45efc4_child_504a1cd87b6a7dee"", ""document_label"": ""CLOCK TOWER STRUCT (PLINTH AND LVL-1).pdf"", ""document_role"": ""drawings"", ""document_url"": ""https://mangalurusmartcity.net/contents/6389827.85231891-606763.289563296.rar#archive-entry=DWG-%2014-06-18/CLOCK%20TOWER%20STRUCT%20%28PLINTH%20AND%20LVL-1%29.pdf"", ""parse_status"": ""parsed"", ""review_priority"": ""low"", ""table_count"": 0, ""text_char_count"": 666}, {""document_id"": ""mscl_doc_ea17836aee45efc4_child_5579499c98efd95e"", ""document_label"": ""CLOCK TOWER STRUCT (LVL-5).pdf"", ""document_role"": ""drawings"", ""document_url"": ""https://mangalurusmartcity.net/contents/6389827.85231891-606763.289563296.rar#archive-entry=DWG-%2014-06-18/CLOCK%20TOWER%20STRUCT%20%28LVL-5%29.pdf"", ""parse_status"": ""parsed"", ""review_priority"": ""low"", ""table_count"": 0, ""text_char_count"": 98}]",,,1,1,0,0,4,"{""indexed_table_text_curated"": 1, ""timeout"": 3}",0,[],Use joined official work-order/status fields as lifecycle evidence; do not use as contractor or successful-bidder truth.,"Cannot claim verified contractor or successful bidder, award date, award amount from the current release.","Add a lawful KPPP/eProc, MSCL, or MCC award-register/export row for Construction of Clock Tower that names the contractor/successful bidder and award amount/date.",promote_work_order_status_fields_only,Joined official rows provide work-order/status evidence but not award identity or contractor truth.,"Official closure dossier only. SCM rows and public contractor leads are review leads; they are not promoted to official award, contractor, or successful-bidder truth."
official_award_closure_5bc1c5a1b8fea6b1134c,mscl_project_706b1fa83545292f,Construction of Command Control Center Building- annexe to MCC Building,https://mangalurusmartcity.net/project/25,completed,completed,completed_project_listing,,high,official_award_or_work_order_truth_joined,official_work_order_status_joined_contractor_gap,1,True,True,False,False,False,"[""award_date"", ""contractor_or_successful_bidder"", ""award_amount_inr""]","[""tender_status"", ""work_order_date"", ""work_order_amount_inr"", ""official_source_url""]",8,"[{""document_id"": ""mscl_doc_90a7780293cada9a"", ""document_label"": ""BOQ"", ""document_role"": ""boq"", ""document_url"": ""https://mangalurusmartcity.net/contents/6305100.87418607-371877.577544894.pdf"", ""parse_status"": ""parsed"", ""review_priority"": ""medium"", ""table_count"": 0, ""text_char_count"": 581777}, {""document_id"": ""mscl_doc_7265529cf0d9221a"", ""document_label"": ""DPR"", ""document_role"": ""dpr"", ""document_url"": ""https://mangalurusmartcity.net/contents/133941.811571802-161049.58085899.pdf"", ""parse_status"": ""parsed"", ""review_priority"": ""low"", ""table_count"": 0, ""text_char_count"": 992508}, {""document_id"": ""mscl_doc_0c45c402043eebe3_child_1ffe3bd1057d35ab"", ""document_label"": ""TERRACE PLAN.pdf"", ""document_role"": ""drawings"", ""document_url"": ""https://mangalurusmartcity.net/contents/2712995.84895046-468611.937304808.rar#archive-entry=TERRACE%20PLAN.pdf"", ""parse_status"": ""parsed"", ""review_priority"": ""low"", ""table_count"": 0, ""text_char_count"": 2587}, {""document_id"": ""mscl_doc_0c45c402043eebe3_child_24377a2b8b5df18b"", ""document_label"": ""THIRD PLAN.pdf"", ""document_role"": ""drawings"", ""document_url"": ""https://mangalurusmartcity.net/contents/2712995.84895046-468611.937304808.rar#archive-entry=THIRD%20PLAN.pdf"", ""parse_status"": ""parsed"", ""review_priority"": ""low"", ""table_count"": 0, ""text_char_count"": 2534}, {""document_id"": ""mscl_doc_0c45c402043eebe3_child_81b91c25d0e30445"", ""document_label"": ""SECOND PLAN.pdf"", ""document_role"": ""drawings"", ""document_url"": ""https://mangalurusmartcity.net/contents/2712995.84895046-468611.937304808.rar#archive-entry=SECOND%20PLAN.pdf"", ""parse_status"": ""parsed"", ""review_priority"": ""low"", ""table_count"": 0, ""text_char_count"": 2564}, {""document_id"": ""mscl_doc_0c45c402043eebe3_child_f21538279363b7e8"", ""document_label"": ""GROUND PLAN.pdf"", ""document_role"": ""drawings"", ""document_url"": ""https://mangalurusmartcity.net/contents/2712995.84895046-468611.937304808.rar#archive-entry=GROUND%20PLAN.pdf"", ""parse_status"": ""parsed"", ""review_priority"": ""low"", ""table_count"": 0, ""text_char_count"": 2565}]",50000000.0,Grand Total,1,0,0,0,4,"{""indexed_table_text_curated"": 1, ""timeout"": 3}",0,[],Use joined official work-order/status fields as lifecycle evidence; do not use as contractor or successful-bidder truth.,"Cannot claim verified contractor or successful bidder, award date, award amount from the current release.","Add a lawful KPPP/eProc, MSCL, or MCC award-register/export row for Construction of Command Control Center Building- annexe to MCC Building that names the contractor/successful bidder and award amount/date.",promote_work_order_status_fields_only,Joined official rows provide work-order/status evidence but not award identity or contractor truth.,"Official closure dossier only. SCM rows and public contractor leads are review leads; they are not promoted to official award, contractor, or successful-bidder truth."
official_award_closure_5b638e70efac1b4ab479,mscl_project_46b2d5141ca219f5,Construction of additional floor at existing building of Lady Goschen hospital at Mangaluru,https://mangalurusmartcity.net/project/26,completed,completed,completed_project_listing,50000000.0,high,official_award_or_work_order_truth_joined,official_work_order_status_joined_contractor_gap,1,True,True,True,False,False,"[""award_date"", ""contractor_or_successful_bidder"", ""award_amount_inr""]","[""tender_status"", ""work_order_date"", ""work_order_amount_inr"", ""completion_date"", ""official_source_url""]",0,[],,,0,0,0,0,4,"{""indexed_table_text_curated"": 1, ""timeout"": 3}",0,[],Use joined official work-order/status fields as lifecycle evidence; do not use as contractor or successful-bidder truth.,"Cannot claim verified contractor or successful bidder, award date, award amount from the current release.","Add a lawful KPPP/eProc, MSCL, or MCC award-register/export row for Construction of additional floor at existing building of Lady Goschen hospital at Mangaluru that names the contractor/successful bidder and award amount/date.",promote_work_order_status_fields_only,Joined official rows provide work-order/status evidence but not award identity or contractor truth.,"Official closure dossier only. SCM rows and public contractor leads are review leads; they are not promoted to official award, contractor, or successful-bidder truth."
official_award_closure_dd35952b3c35a4a95861,mscl_project_58bab29edb7010f7,Conversion of Streetlight to LED,https://mangalurusmartcity.net/project/33,ongoing,ongoing,completed_project_listing,626300000.0,medium,official_award_or_work_order_truth_joined,official_work_order_status_joined_contractor_gap,1,True,True,False,False,False,"[""award_date"", ""contractor_or_successful_bidder"", ""award_amount_inr"", ""work_order_amount_inr""]","[""tender_status"", ""work_order_date"", ""official_source_url""]",4,"[{""document_id"": ""mscl_doc_b4d207d4110951db_child_3c0a1119314543d4"", ""document_label"": ""RFP final 040119.pdf"", ""document_role"": ""rfp"", ""document_url"": ""https://mangalurusmartcity.net/contents/1695526.47587635-1019173.69775531.rar#archive-entry=Final%20RFP/RFP%20final%20040119.pdf"", ""parse_status"": ""parsed"", ""review_priority"": ""high"", ""table_count"": 0, ""text_char_count"": 340919}, {""document_id"": ""mscl_doc_b4d207d4110951db_child_d8ecd42621e3b364"", ""document_label"": ""1.1. DCA final mlr.pdf"", ""document_role"": ""rfp"", ""document_url"": ""https://mangalurusmartcity.net/contents/1695526.47587635-1019173.69775531.rar#archive-entry=Final%20RFP/1.1.%20DCA%20final%20mlr.pdf"", ""parse_status"": ""parsed"", ""review_priority"": ""high"", ""table_count"": 0, ""text_char_count"": 450550}, {""document_id"": ""mscl_doc_b4d207d4110951db"", ""document_label"": ""BOQ"", ""document_role"": ""boq"", ""document_url"": ""https://mangalurusmartcity.net/contents/1695526.47587635-1019173.69775531.rar"", ""parse_status"": ""archive_inventory_extracted"", ""review_priority"": ""medium"", ""table_count"": 0, ""text_char_count"": 0}, {""document_id"": ""mscl_doc_c1328a09335f4fdd"", ""document_label"": ""DPR"", ""document_role"": ""dpr"", ""document_url"": ""https://mangalurusmartcity.net/contents/9299518.55880186-248114.577419297.pdf"", ""parse_status"": ""parsed"", ""review_priority"": ""low"", ""table_count"": 0, ""text_char_count"": 82025}]",,,1,0,2,1,4,"{""indexed_table_text_curated"": 1, ""timeout"": 3}",0,[],Use joined official work-order/status fields as lifecycle evidence; do not use as contractor or successful-bidder truth.,"Cannot claim verified contractor or successful bidder, award date, award amount, work-order amount from the current release.","Add a lawful KPPP/eProc, MSCL, or MCC award-register/export row for Conversion of Streetlight to LED that names the contractor/successful bidder and award amount/date.",promote_work_order_status_fields_only,Joined official rows provide work-order/status evidence but not award identity or contractor truth.,"Official closure dossier only. SCM rows and public contractor leads are review leads; they are not promoted to official award, contractor, or successful-bidder truth."
official_award_closure_f2e4b4a050e23160ec21,mscl_project_60e5d9030ee362e3,Development of Indoor Stadium,https://mangalurusmartcity.net/project/28,completed,completed,completed_project_listing,350000000.0,high,no_matching_official_import_row,no_promotable_official_award_row,0,False,False,False,False,False,"[""tender_status"", ""award_date"", ""work_order_date"", ""contractor_or_successful_bidder"", ""award_amount_inr"", ""work_order_amount_inr"", ""official_source_url""]",[],1,"[{""document_id"": ""mscl_doc_3fa43b1fb3c4f791"", ""document_label"": ""DPR"", ""document_role"": ""dpr"", ""document_url"": ""https://mangalurusmartcity.net/contents/5266457.06280435-1472942.70447489.pdf"", ""parse_status"": ""parsed"", ""review_priority"": ""low"", ""table_count"": 0, ""text_char_count"": 137610}]",,,0,0,0,0,3,"{""timeout"": 3}",1,"[""technical_evaluation_completed""]","Use MSCL page status/cost, document, BOQ, SCM, and public lead evidence only as review context; do not promote to official award/work-order truth.","Cannot claim verified contractor or successful bidder, award date, award amount, work-order date, work-order amount from the current release.","Add a lawful KPPP/eProc, MSCL, MCC, or Karnataka Legislature answer/export row for Development of Indoor Stadium with source URL, work-order or award date, amount, and contractor/successful-bidder fields.",do_not_promote_award_fields,"No joined official import row currently proves award, work-order, amount, or contractor truth.","Official closure dossier only. SCM rows and public contractor leads are review leads; they are not promoted to official award, contractor, or successful-bidder truth."
official_award_closure_62459ac70e5d7856b613,mscl_project_82c1fa287d154e3b,Development of Kadri Park,https://mangalurusmartcity.net/project/17,completed,completed,completed_project_listing,,high,official_award_or_work_order_truth_joined,official_work_order_status_joined_contractor_gap,1,True,True,False,False,False,"[""award_date"", ""contractor_or_successful_bidder"", ""award_amount_inr""]","[""tender_status"", ""work_order_date"", ""work_order_amount_inr"", ""official_source_url""]",3,"[{""document_id"": ""mscl_doc_47a9ff6d8555fac9"", ""document_label"": ""BOQ"", ""document_role"": ""boq"", ""document_url"": ""https://mangalurusmartcity.net/contents/6427456.66039524-1465797.228353.pdf"", ""parse_status"": ""parsed"", ""review_priority"": ""medium"", ""table_count"": 0, ""text_char_count"": 57293}, {""document_id"": ""mscl_doc_4a3eac90104a1625"", ""document_label"": ""DPR"", ""document_role"": ""dpr"", ""document_url"": ""https://mangalurusmartcity.net/contents/4217599.28773046-1406237.93030228.pdf"", ""parse_status"": ""parsed"", ""review_priority"": ""low"", ""table_count"": 0, ""text_char_count"": 236}, {""document_id"": ""mscl_doc_0e059decfefdd657"", ""document_label"": ""Drawings"", ""document_role"": ""drawings"", ""document_url"": ""https://mangalurusmartcity.net/contents/3942124.56603633-1052039.23872065.pdf"", ""parse_status"": ""parsed"", ""review_priority"": ""low"", ""table_count"": 0, ""text_char_count"": 412833}]",,,1,0,0,0,4,"{""indexed_table_text_curated"": 1, ""timeout"": 3}",0,[],Use joined official work-order/status fields as lifecycle evidence; do not use as contractor or successful-bidder truth.,"Cannot claim verified contractor or successful bidder, award date, award amount from the current release.","Add a lawful KPPP/eProc, MSCL, or MCC award-register/export row for Development of Kadri Park that names the contractor/successful bidder and award amount/date.",promote_work_order_status_fields_only,Joined official rows provide work-order/status evidence but not award identity or contractor truth.,"Official closure dossier only. SCM rows and public contractor leads are review leads; they are not promoted to official award, contractor, or successful-bidder truth."
official_award_closure_bd87d33508e298947338,mscl_project_ebb19874b0a0a54b,Implementation of E-Smart School (Civil Infrastructure),https://mangalurusmartcity.net/project/18,completed,completed,completed_project_listing,,high,official_award_or_work_order_truth_joined,official_work_order_status_joined_contractor_gap,1,True,True,True,False,False,"[""award_date"", ""contractor_or_successful_bidder"", ""award_amount_inr""]","[""tender_status"", ""work_order_date"", ""work_order_amount_inr"", ""completion_date"", ""official_source_url""]",24,"[{""document_id"": ""mscl_doc_870a10dabe61a2f3"", ""document_label"": ""BOQ"", ""document_role"": ""boq"", ""document_url"": ""https://mangalurusmartcity.net/contents/8932779.76612224-134710.26903769.pdf"", ""parse_status"": ""parsed"", ""review_priority"": ""medium"", ""table_count"": 0, ""text_char_count"": 1680878}, {""document_id"": ""mscl_doc_d263bdad4a1ffdf9"", ""document_label"": ""DPR"", ""document_role"": ""dpr"", ""document_url"": ""https://mangalurusmartcity.net/contents/4065414.82734746-137709.013929048.pdf"", ""parse_status"": ""parsed"", ""review_priority"": ""low"", ""table_count"": 0, ""text_char_count"": 257192}, {""document_id"": ""mscl_doc_79c92b8b6c87b2ed_child_12b03c92ab71cf1b"", ""document_label"": ""1.62 - Govt PRACTICING School_21-01-2019-Layout1.pdf"", ""document_role"": ""drawings"", ""document_url"": ""https://mangalurusmartcity.net/contents/4204876.25720206-590457.028989811.rar#archive-entry=E-SMART%20SCHOOL/Proposed%20Plan/1.62%20-%20Govt%20PRACTICING%20School_21-01-2019-Layout1.pdf"", ""parse_status"": ""parsed"", ""review_priority"": ""low"", ""table_count"": 0, ""text_char_count"": 26222}, {""document_id"": ""mscl_doc_79c92b8b6c87b2ed_child_1c2323693fdafd75"", ""document_label"": ""1.66 - GOVT. PRACTICING SCHOOL BANDAR_21.01.2019-Layout1.pdf"", ""document_role"": ""drawings"", ""document_url"": ""https://mangalurusmartcity.net/contents/4204876.25720206-590457.028989811.rar#archive-entry=E-SMART%20SCHOOL/3d%20Plan/1.66%20-%20GOVT.%20PRACTICING%20SCHOOL%20BANDAR_21.01.2019-Layout1.pdf"", ""parse_status"": ""parsed"", ""review_priority"": ""low"", ""table_count"": 0, ""text_char_count"": 1387}, {""document_id"": ""mscl_doc_79c92b8b6c87b2ed_child_1ef9d524dfa5f9a5"", ""document_label"": ""1.63 - Basthigarden DAKSHINAKANNADA _21.01.2019-Layout1.pdf"", ""document_role"": ""drawings"", ""document_url"": ""https://mangalurusmartcity.net/contents/4204876.25720206-590457.028989811.rar#archive-entry=E-SMART%20SCHOOL/Proposed%20Plan/1.63%20-%20Basthigarden%20DAKSHINAKANNADA%20_21.01.2019-Layout1.pdf"", ""parse_status"": ""parsed"", ""review_priority"": ""low"", ""table_count"": 0, ""text_char_count"": 11914}, {""document_id"": ""mscl_doc_79c92b8b6c87b2ed_child_221e23924119d351"", ""document_label"": ""1.56 - GOVT. PRACTICING SCHOOL BANDAR_21.01.2019-Layout1.pdf"", ""document_role"": ""drawings"", ""document_url"": ""https://mangalurusmartcity.net/contents/4204876.25720206-590457.028989811.rar#archive-entry=E-SMART%20SCHOOL/Proposed%20Plan/1.56%20-%20GOVT.%20PRACTICING%20SCHOOL%20BANDAR_21.01.2019-Layout1.pdf"", ""parse_status"": ""parsed"", ""review_priority"": ""low"", ""table_count"": 0, ""text_char_count"": 20631}]",114300000.0,Grand Total,1,1,0,0,4,"{""indexed_table_text_curated"": 1, ""timeout"": 3}",0,[],Use joined official work-order/status fields as lifecycle evidence; do not use as contractor or successful-bidder truth.,"Cannot claim verified contractor or successful bidder, award date, award amount from the current release.","Add a lawful KPPP/eProc, MSCL, or MCC award-register/export row for Implementation of E-Smart School (Civil Infrastructure) that names the contractor/successful bidder and award amount/date.",promote_work_order_status_fields_only,Joined official rows provide work-order/status evidence but not award identity or contractor truth.,"Official closure dossier only. SCM rows and public contractor leads are review leads; they are not promoted to official award, contractor, or successful-bidder truth."
official_award_closure_8a26cb884f9bd4f3a47a,mscl_project_2a8926b376b2c786,Implementation of E-Smart School (ICT),https://mangalurusmartcity.net/project/4,completed,completed,completed_project_listing,,high,official_award_or_work_order_truth_joined,official_work_order_status_joined_contractor_gap,1,True,True,True,False,False,"[""award_date"", ""contractor_or_successful_bidder"", ""award_amount_inr""]","[""tender_status"", ""work_order_date"", ""work_order_amount_inr"", ""completion_date"", ""official_source_url""]",2,"[{""document_id"": ""mscl_doc_59e7c14de05aa0c2"", ""document_label"": ""BOQ"", ""document_role"": ""boq"", ""document_url"": ""https://mangalurusmartcity.net/contents/477812.853864307-456591.502363089.pdf"", ""parse_status"": ""parsed"", ""review_priority"": ""medium"", ""table_count"": 0, ""text_char_count"": 3027}, {""document_id"": ""mscl_doc_f656f56204232b12"", ""document_label"": ""DPR"", ""document_role"": ""dpr"", ""document_url"": ""https://mangalurusmartcity.net/contents/8470832.9702126-765242.68280777.pdf"", ""parse_status"": ""parsed"", ""review_priority"": ""low"", ""table_count"": 0, ""text_char_count"": 183728}]",,,1,0,0,0,4,"{""indexed_table_text_curated"": 1, ""timeout"": 3}",0,[],Use joined official work-order/status fields as lifecycle evidence; do not use as contractor or successful-bidder truth.,"Cannot claim verified contractor or successful bidder, award date, award amount from the current release.","Add a lawful KPPP/eProc, MSCL, or MCC award-register/export row for Implementation of E-Smart School (ICT) that names the contractor/successful bidder and award amount/date.",promote_work_order_status_fields_only,Joined official rows provide work-order/status evidence but not award identity or contractor truth.,"Official closure dossier only. SCM rows and public contractor leads are review leads; they are not promoted to official award, contractor, or successful-bidder truth."
official_award_closure_3ad77cf8fbf7e6dac44b,mscl_project_9d8efd51940b0efb,Installation of Rooftop Solar on Government Building in ABD area-Phase 1,https://mangalurusmartcity.net/project/34,ongoing,ongoing,ongoing_project_listing,70800000.0,medium,official_award_or_work_order_truth_joined,official_work_order_status_joined_contractor_gap,1,True,True,False,False,False,"[""award_date"", ""contractor_or_successful_bidder"", ""award_amount_inr"", ""work_order_amount_inr""]","[""tender_status"", ""work_order_date"", ""official_source_url""]",4,"[{""document_id"": ""mscl_doc_8cd441f5654a2ba0_child_e9059c33b004fc9b"", ""document_label"": ""2. rfp_mscl_govt    buildings_14122017.docx"", ""document_role"": ""rfp"", ""document_url"": ""https://mangalurusmartcity.net/contents/7973303.48658064-106144.640008879.zip#archive-entry=2.%20rfp_mscl_govt%20%20%20%20buildings_14122017.docx"", ""parse_status"": ""parsed"", ""review_priority"": ""high"", ""table_count"": 0, ""text_char_count"": 128676}, {""document_id"": ""mscl_doc_8cd441f5654a2ba0_child_c8d5535e2eb377de"", ""document_label"": ""3.0 ( 27.12.2017) DRAFT PROJECT DEVELOPMENT AND IMPLEMENTATION.docx"", ""document_role"": ""boq"", ""document_url"": ""https://mangalurusmartcity.net/contents/7973303.48658064-106144.640008879.zip#archive-entry=3.0%20%28%2027.12.2017%29%20DRAFT%20PROJECT%20DEVELOPMENT%20AND%20IMPLEMENTATION.docx"", ""parse_status"": ""parsed"", ""review_priority"": ""medium"", ""table_count"": 0, ""text_char_count"": 223944}, {""document_id"": ""mscl_doc_8cd441f5654a2ba0"", ""document_label"": ""BOQ"", ""document_role"": ""boq"", ""document_url"": ""https://mangalurusmartcity.net/contents/7973303.48658064-106144.640008879.zip"", ""parse_status"": ""archive_inventory_extracted"", ""review_priority"": ""medium"", ""table_count"": 0, ""text_char_count"": 0}, {""document_id"": ""mscl_doc_ce7681ef7d4e8c8c"", ""document_label"": ""DPR"", ""document_role"": ""dpr"", ""document_url"": ""https://mangalurusmartcity.net/contents/1579151.82950867-663333.337671621.pdf"", ""parse_status"": ""parsed"", ""review_priority"": ""low"", ""table_count"": 0, ""text_char_count"": 322621}]",,,1,1,2,1,4,"{""indexed_table_text_curated"": 1, ""timeout"": 3}",0,[],Use joined official work-order/status fields as lifecycle evidence; do not use as contractor or successful-bidder truth.,"Cannot claim verified contractor or successful bidder, award date, award amount, work-order amount from the current release.","Add a lawful KPPP/eProc, MSCL, or MCC award-register/export row for Installation of Rooftop Solar on Government Building in ABD area-Phase 1 that names the contractor/successful bidder and award amount/date.",promote_work_order_status_fields_only,Joined official rows provide work-order/status evidence but not award identity or contractor truth.,"Official closure dossier only. SCM rows and public contractor leads are review leads; they are not promoted to official award, contractor, or successful-bidder truth."
official_award_closure_8a55ffeec90647b888be,mscl_project_1d1968392d1eeeba,Integrated Transport Hub ( Integrated Bus Terminal with Retail mall and Recreational Center),https://mangalurusmartcity.net/project/31,tendered,tendered,tendered_status_observed,4450000000.0,medium,no_matching_official_import_row,no_promotable_official_award_row,0,False,False,False,False,False,"[""tender_status"", ""award_date"", ""work_order_date"", ""contractor_or_successful_bidder"", ""award_amount_inr"", ""work_order_amount_inr"", ""official_source_url""]",[],0,[],,,1,0,0,0,3,"{""timeout"": 3}",1,"[""tender_notified_no_bids_received_call_2_expected""]","Use MSCL page status/cost, document, BOQ, SCM, and public lead evidence only as review context; do not promote to official award/work-order truth.","Cannot claim verified contractor or successful bidder, award date, award amount, work-order date, work-order amount from the current release.","Add a lawful KPPP/eProc, MSCL, MCC, or Karnataka Legislature answer/export row for Integrated Transport Hub ( Integrated Bus Terminal with Retail mall and Recreational Center) with source URL, work-order or award date, amount, and contractor/successful-bidder fields.",do_not_promote_award_fields,"No joined official import row currently proves award, work-order, amount, or contractor truth.","Official closure dossier only. SCM rows and public contractor leads are review leads; they are not promoted to official award, contractor, or successful-bidder truth."
official_award_closure_7b3aaca8cebe3db608e7,mscl_project_b6c2f9b5ed0ab8bd,LED Light in Govt. Buildings,https://mangalurusmartcity.net/project/20,completed,completed,completed_project_listing,19100000.0,high,official_award_or_work_order_truth_joined,official_work_order_status_joined_contractor_gap,1,True,True,True,False,False,"[""award_date"", ""contractor_or_successful_bidder"", ""award_amount_inr""]","[""tender_status"", ""work_order_date"", ""work_order_amount_inr"", ""completion_date"", ""official_source_url""]",4,"[{""document_id"": ""mscl_doc_79185b91aa03160a_child_3c8e99f065a2e99f"", ""document_label"": ""Annexure-10 Detialed estimate.pdf"", ""document_role"": ""boq"", ""document_url"": ""https://mangalurusmartcity.net/contents/6264502.04116502-747942.631547101.rar#archive-entry=BOQ/Annexure-10%20Detialed%20estimate.pdf"", ""parse_status"": ""parsed"", ""review_priority"": ""medium"", ""table_count"": 0, ""text_char_count"": 14043}, {""document_id"": ""mscl_doc_79185b91aa03160a_child_6dc12f9a78396121"", ""document_label"": ""BOQ- with rate 27092018- without buy back.pdf"", ""document_role"": ""boq"", ""document_url"": ""https://mangalurusmartcity.net/contents/6264502.04116502-747942.631547101.rar#archive-entry=BOQ/BOQ-%20with%20rate%2027092018-%20without%20buy%20back.pdf"", ""parse_status"": ""parsed"", ""review_priority"": ""medium"", ""table_count"": 0, ""text_char_count"": 17239}, {""document_id"": ""mscl_doc_79185b91aa03160a"", ""document_label"": ""BOQ"", ""document_role"": ""boq"", ""document_url"": ""https://mangalurusmartcity.net/contents/6264502.04116502-747942.631547101.rar"", ""parse_status"": ""archive_inventory_extracted"", ""review_priority"": ""medium"", ""table_count"": 0, ""text_char_count"": 0}, {""document_id"": ""mscl_doc_42576b08fdb00b83"", ""document_label"": ""DPR"", ""document_role"": ""dpr"", ""document_url"": ""https://mangalurusmartcity.net/contents/1689293.06403235-1142634.5289712.pdf"", ""parse_status"": ""parsed"", ""review_priority"": ""low"", ""table_count"": 0, ""text_char_count"": 117100}]",20050000.0,Grand Total,1,1,0,0,4,"{""indexed_table_text_curated"": 1, ""timeout"": 3}",0,[],Use joined official work-order/status fields as lifecycle evidence; do not use as contractor or successful-bidder truth.,"Cannot claim verified contractor or successful bidder, award date, award amount from the current release.","Add a lawful KPPP/eProc, MSCL, or MCC award-register/export row for LED Light in Govt. Buildings that names the contractor/successful bidder and award amount/date.",promote_work_order_status_fields_only,Joined official rows provide work-order/status evidence but not award identity or contractor truth.,"Official closure dossier only. SCM rows and public contractor leads are review leads; they are not promoted to official award, contractor, or successful-bidder truth."
official_award_closure_4d719e7110d33b15270b,mscl_project_ee13937f67873a0f,Multi-Level Car Parking,https://mangalurusmartcity.net/project/32,ongoing,ongoing,rfp_reference,911700000.0,medium,official_award_or_work_order_truth_joined,official_work_order_status_joined_contractor_gap,1,True,True,False,False,False,"[""award_date"", ""contractor_or_successful_bidder"", ""award_amount_inr"", ""work_order_amount_inr""]","[""tender_status"", ""work_order_date"", ""official_source_url""]",3,"[{""document_id"": ""mscl_doc_df2ddd1ec2676ebc"", ""document_label"": ""RFP"", ""document_role"": ""rfp"", ""document_url"": ""https://mangalurusmartcity.net/contents/794321.913642027-42136.2357552402.pdf"", ""parse_status"": ""parsed"", ""review_priority"": ""high"", ""table_count"": 0, ""text_char_count"": 164128}, {""document_id"": ""mscl_doc_d0fc8ff6af0653ca"", ""document_label"": ""BOQ"", ""document_role"": ""boq"", ""document_url"": ""https://mangalurusmartcity.net/contents/3105091.56114659-931368.74409913.pdf"", ""parse_status"": ""parsed"", ""review_priority"": ""high"", ""table_count"": 0, ""text_char_count"": 190957}, {""document_id"": ""mscl_doc_c4cc2a890a19e705"", ""document_label"": ""DPR"", ""document_role"": ""dpr"", ""document_url"": ""https://mangalurusmartcity.net/contents/7596229.32765457-164556.029954395.pdf"", ""parse_status"": ""parsed"", ""review_priority"": ""medium"", ""table_count"": 0, ""text_char_count"": 33842}]",,,1,1,2,1,4,"{""indexed_table_text_curated"": 1, ""timeout"": 3}",0,[],Use joined official work-order/status fields as lifecycle evidence; do not use as contractor or successful-bidder truth.,"Cannot claim verified contractor or successful bidder, award date, award amount, work-order amount from the current release.","Add a lawful KPPP/eProc, MSCL, or MCC award-register/export row for Multi-Level Car Parking that names the contractor/successful bidder and award amount/date.",promote_work_order_status_fields_only,Joined official rows provide work-order/status evidence but not award identity or contractor truth.,"Official closure dossier only. SCM rows and public contractor leads are review leads; they are not promoted to official award, contractor, or successful-bidder truth."
official_award_closure_251c87acaa6ace82ee7c,mscl_project_fe66f2c90356ef06,Pedestrian Plaza,https://mangalurusmartcity.net/project/22,completed,completed,completed_project_listing,,high,official_award_or_work_order_truth_joined,official_work_order_status_joined_contractor_gap,1,True,True,False,False,False,"[""award_date"", ""contractor_or_successful_bidder"", ""award_amount_inr""]","[""tender_status"", ""work_order_date"", ""work_order_amount_inr"", ""official_source_url""]",10,"[{""document_id"": ""mscl_doc_eb2fa93dfbabcf6e"", ""document_label"": ""BOQ"", ""document_role"": ""boq"", ""document_url"": ""https://mangalurusmartcity.net/contents/7237755.95763594-208083.31449961.pdf"", ""parse_status"": ""parsed"", ""review_priority"": ""medium"", ""table_count"": 0, ""text_char_count"": 623515}, {""document_id"": ""mscl_doc_1041c4b480ffa325"", ""document_label"": ""DPR"", ""document_role"": ""dpr"", ""document_url"": ""https://mangalurusmartcity.net/contents/6463753.0485465-1677.12175994745.pdf"", ""parse_status"": ""parsed"", ""review_priority"": ""low"", ""table_count"": 0, ""text_char_count"": 28975}, {""document_id"": ""mscl_doc_dc7dafaa75bda3ec_child_5d47f172c78ea626"", ""document_label"": ""GENERAL ARRANGEMENT DRAWING FOR RETAINING WALL AT CLOCK TOWER-SHEET NO 03 OF 03.pdf"", ""document_role"": ""annexure"", ""document_url"": ""https://mangalurusmartcity.net/contents/7122932.573372-18972.7961096949.rar#archive-entry=Drawings/ANNEXURE%202%20STRUCTURAL%20LAYOUTS/GENERAL%20ARRANGEMENT%20DRAWING%20FOR%20RETAINING%20WALL%20AT%20CLOCK%20TOWER-SHEET%20NO%2003%20OF%2003.pdf"", ""parse_status"": ""parsed"", ""review_priority"": ""low"", ""table_count"": 0, ""text_char_count"": 3007}, {""document_id"": ""mscl_doc_dc7dafaa75bda3ec_child_977d06de54e24d08"", ""document_label"": ""TOWN HALL GARDEN & SUBWAY  PLAN & SECTIONS.pdf"", ""document_role"": ""annexure"", ""document_url"": ""https://mangalurusmartcity.net/contents/7122932.573372-18972.7961096949.rar#archive-entry=Drawings/ANNEXURE%201%20ARCHITECTURAL%20LAYOUTS/TOWN%20HALL%20GARDEN%20%26%20SUBWAY%20%20PLAN%20%26%20SECTIONS.pdf"", ""parse_status"": ""parsed"", ""review_priority"": ""low"", ""table_count"": 0, ""text_char_count"": 4762}, {""document_id"": ""mscl_doc_dc7dafaa75bda3ec_child_a5300b06b0622da1"", ""document_label"": ""TOWN HALL GARDEN & SUBWAY LIGHTING LAYOUT_021018-OPTION 01.pdf"", ""document_role"": ""annexure"", ""document_url"": ""https://mangalurusmartcity.net/contents/7122932.573372-18972.7961096949.rar#archive-entry=Drawings/ANNEXURE%204%20ELECTRICAL%20LAYOUTS/TOWN%20HALL%20GARDEN%20%26%20SUBWAY%20LIGHTING%20LAYOUT_021018-OPTION%2001.pdf"", ""parse_status"": ""parsed"", ""review_priority"": ""low"", ""table_count"": 0, ""text_char_count"": 3043}, {""document_id"": ""mscl_doc_dc7dafaa75bda3ec_child_a9a83253e9766b23"", ""document_label"": ""GENERAL ARRANGEMENT DRAWING FOR RETAINING WALL AT CLOCK TOWER-SHEET NO 02 OF 03.pdf"", ""document_role"": ""annexure"", ""document_url"": ""https://mangalurusmartcity.net/contents/7122932.573372-18972.7961096949.rar#archive-entry=Drawings/ANNEXURE%202%20STRUCTURAL%20LAYOUTS/GENERAL%20ARRANGEMENT%20DRAWING%20FOR%20RETAINING%20WALL%20AT%20CLOCK%20TOWER-SHEET%20NO%2002%20OF%2003.pdf"", ""parse_status"": ""parsed"", ""review_priority"": ""low"", ""table_count"": 0, ""text_char_count"": 5708}]",63350000.0,Grand Total,1,1,0,0,4,"{""indexed_table_text_curated"": 1, ""timeout"": 3}",0,[],Use joined official work-order/status fields as lifecycle evidence; do not use as contractor or successful-bidder truth.,"Cannot claim verified contractor or successful bidder, award date, award amount from the current release.","Add a lawful KPPP/eProc, MSCL, or MCC award-register/export row for Pedestrian Plaza that names the contractor/successful bidder and award amount/date.",promote_work_order_status_fields_only,Joined official rows provide work-order/status evidence but not award identity or contractor truth.,"Official closure dossier only. SCM rows and public contractor leads are review leads; they are not promoted to official award, contractor, or successful-bidder truth."
official_award_closure_dc7ab44ec1cd9d5e9b3f,mscl_project_d865a11c5c97b1ea,Redevelopment of Central Market & Fish Market,https://mangalurusmartcity.net/project/1,under_hold,ongoing,quotation_notice,,highest,official_award_or_work_order_truth_joined,official_work_order_status_joined_contractor_gap,1,True,True,False,False,False,"[""award_date"", ""contractor_or_successful_bidder"", ""award_amount_inr"", ""work_order_amount_inr""]","[""tender_status"", ""work_order_date"", ""official_source_url""]",1,"[{""document_id"": ""mscl_doc_b36d5b550cf90558"", ""document_label"": ""RFP"", ""document_role"": ""rfp"", ""document_url"": ""https://mangalurusmartcity.net/contents/9128360.93880625-1109525.33460922.pdf"", ""parse_status"": ""parsed"", ""review_priority"": ""high"", ""table_count"": 0, ""text_char_count"": 246966}]",,,1,0,5,3,5,"{""indexed_table_text_curated"": 1, ""timeout"": 3, ""web_index_no_promotable_official_result"": 1}",0,[],Use joined official work-order/status fields as lifecycle evidence; do not use as contractor or successful-bidder truth.,"Cannot claim verified contractor or successful bidder, award date, award amount, work-order amount from the current release.","Add a lawful KPPP/eProc, MSCL, or MCC award-register/export row for Redevelopment of Central Market & Fish Market that names the contractor/successful bidder and award amount/date.",promote_work_order_status_fields_only,Joined official rows provide work-order/status evidence but not award identity or contractor truth.,"Official closure dossier only. SCM rows and public contractor leads are review leads; they are not promoted to official award, contractor, or successful-bidder truth."
official_award_closure_a6688c8b76bf7eb1d2d5,mscl_project_29cf7deda4d535c2,Rehabilitation of Central Market,https://mangalurusmartcity.net/project/37,ongoing,ongoing,ongoing_project_listing,,medium,official_award_or_work_order_truth_joined,official_work_order_status_joined_contractor_gap,1,True,True,False,False,False,"[""award_date"", ""contractor_or_successful_bidder"", ""award_amount_inr""]","[""tender_status"", ""work_order_date"", ""work_order_amount_inr"", ""official_source_url""]",0,[],,,0,0,0,0,4,"{""indexed_table_text_curated"": 1, ""timeout"": 3}",0,[],Use joined official work-order/status fields as lifecycle evidence; do not use as contractor or successful-bidder truth.,"Cannot claim verified contractor or successful bidder, award date, award amount from the current release.","Add a lawful KPPP/eProc, MSCL, or MCC award-register/export row for Rehabilitation of Central Market that names the contractor/successful bidder and award amount/date.",promote_work_order_status_fields_only,Joined official rows provide work-order/status evidence but not award identity or contractor truth.,"Official closure dossier only. SCM rows and public contractor leads are review leads; they are not promoted to official award, contractor, or successful-bidder truth."
official_award_closure_58c7eb1d6434d49dd317,mscl_project_6d20e49cd6b8757a,Retrofitting of Carstreet,https://mangalurusmartcity.net/project/15,completed,completed,completed_project_listing,49500000.0,high,no_matching_official_import_row,no_promotable_official_award_row,0,False,False,False,False,False,"[""tender_status"", ""award_date"", ""work_order_date"", ""contractor_or_successful_bidder"", ""award_amount_inr"", ""work_order_amount_inr"", ""official_source_url""]",[],1,"[{""document_id"": ""mscl_doc_a14ff5883f0671fb"", ""document_label"": ""DPR"", ""document_role"": ""dpr"", ""document_url"": ""https://mangalurusmartcity.net/contents/8136011.34258137-1079358.11871345.pdf"", ""parse_status"": ""parsed"", ""review_priority"": ""low"", ""table_count"": 0, ""text_char_count"": 523621}]",,,1,0,0,0,3,"{""timeout"": 3}",1,"[""scope_revised_infrastructure_to_smart_road_package""]","Use MSCL page status/cost, document, BOQ, SCM, and public lead evidence only as review context; do not promote to official award/work-order truth.","Cannot claim verified contractor or successful bidder, award date, award amount, work-order date, work-order amount from the current release.","Add a lawful KPPP/eProc, MSCL, MCC, or Karnataka Legislature answer/export row for Retrofitting of Carstreet with source URL, work-order or award date, amount, and contractor/successful-bidder fields.",do_not_promote_award_fields,"No joined official import row currently proves award, work-order, amount, or contractor truth.","Official closure dossier only. SCM rows and public contractor leads are review leads; they are not promoted to official award, contractor, or successful-bidder truth."
official_award_closure_5066a05dfb9160ed26a6,mscl_project_7b85572394c04d53,Skill Development Center,https://mangalurusmartcity.net/project/16,completed,completed,completed_project_listing,,high,official_award_or_work_order_truth_joined,official_work_order_status_joined_contractor_gap,1,True,True,False,False,False,"[""award_date"", ""contractor_or_successful_bidder"", ""award_amount_inr""]","[""tender_status"", ""work_order_date"", ""work_order_amount_inr"", ""official_source_url""]",17,"[{""document_id"": ""mscl_doc_ad8f2db156bbe7da"", ""document_label"": ""BOQ"", ""document_role"": ""boq"", ""document_url"": ""https://mangalurusmartcity.net/contents/7733259.91711265-1461817.20671624.pdf"", ""parse_status"": ""parsed"", ""review_priority"": ""medium"", ""table_count"": 0, ""text_char_count"": 1506}, {""document_id"": ""mscl_doc_3d6ab778c6a64fb1"", ""document_label"": ""DPR"", ""document_role"": ""dpr"", ""document_url"": ""https://mangalurusmartcity.net/contents/6591991.74334854-226621.708836184.pdf"", ""parse_status"": ""parsed"", ""review_priority"": ""low"", ""table_count"": 0, ""text_char_count"": 28120}, {""document_id"": ""mscl_doc_a92ac72ff1c44693_child_3eebbcc6380263be"", ""document_label"": ""STAIRCASE DETAIL.- SKILL DEVELOPMENT DRAWINGS FINAL29.08.2019 (1)-Layout1.pdf"", ""document_role"": ""drawings"", ""document_url"": ""https://mangalurusmartcity.net/contents/5893358.23240381-523158.646227237.rar#archive-entry=DRAWINGS%20-%20FINAL%20SKILL%20DEVELOPMENT%2009.09.2019/STAIRCASE%20DETAIL.-%20SKILL%20DEVELOPMENT%20DRAWINGS%20FINAL29.08.2019%20%281%29-Layout1.pdf"", ""parse_status"": ""parsed"", ""review_priority"": ""low"", ""table_count"": 0, ""text_char_count"": 76985}, {""document_id"": ""mscl_doc_a92ac72ff1c44693_child_460c52a35a260b16"", ""document_label"": ""SECOND & ROOF- SKILL DEVELOPMENT DRAWINGS FINAL29.08.2019-Layout1.pdf"", ""document_role"": ""drawings"", ""document_url"": ""https://mangalurusmartcity.net/contents/5893358.23240381-523158.646227237.rar#archive-entry=DRAWINGS%20-%20FINAL%20SKILL%20DEVELOPMENT%2009.09.2019/PDF%20BW/SECOND%20%26%20ROOF-%20SKILL%20DEVELOPMENT%20DRAWINGS%20FINAL29.08.2019-Layout1.pdf"", ""parse_status"": ""parsed"", ""review_priority"": ""low"", ""table_count"": 0, ""text_char_count"": 37166}, {""document_id"": ""mscl_doc_a92ac72ff1c44693_child_5b11a8370ca482e2"", ""document_label"": ""ELEVATIONS B-D - SKILL DEVELOPMENT DRAWINGS FINAL29.08.2019 (1)-Layout1.pdf"", ""document_role"": ""drawings"", ""document_url"": ""https://mangalurusmartcity.net/contents/5893358.23240381-523158.646227237.rar#archive-entry=DRAWINGS%20-%20FINAL%20SKILL%20DEVELOPMENT%2009.09.2019/ELEVATIONS%20B-D%20-%20SKILL%20DEVELOPMENT%20DRAWINGS%20FINAL29.08.2019%20%281%29-Layout1.pdf"", ""parse_status"": ""parsed"", ""review_priority"": ""low"", ""table_count"": 0, ""text_char_count"": 33737}, {""document_id"": ""mscl_doc_a92ac72ff1c44693_child_6c0d6bc98c9707b0"", ""document_label"": ""GROUND & FIRST FLOOR- SKILL DEVELOPMENT DRAWINGS FINAL29.08.2019 (1)-Layout1.pdf"", ""document_role"": ""drawings"", ""document_url"": ""https://mangalurusmartcity.net/contents/5893358.23240381-523158.646227237.rar#archive-entry=DRAWINGS%20-%20FINAL%20SKILL%20DEVELOPMENT%2009.09.2019/GROUND%20%26%20FIRST%20FLOOR-%20SKILL%20DEVELOPMENT%20DRAWINGS%20FINAL29.08.2019%20%281%29-Layout1.pdf"", ""parse_status"": ""parsed"", ""review_priority"": ""low"", ""table_count"": 0, ""text_char_count"": 59470}]",24000000.0,Grand Total,1,0,0,0,4,"{""indexed_table_text_curated"": 1, ""timeout"": 3}",0,[],Use joined official work-order/status fields as lifecycle evidence; do not use as contractor or successful-bidder truth.,"Cannot claim verified contractor or successful bidder, award date, award amount from the current release.","Add a lawful KPPP/eProc, MSCL, or MCC award-register/export row for Skill Development Center that names the contractor/successful bidder and award amount/date.",promote_work_order_status_fields_only,Joined official rows provide work-order/status evidence but not award identity or contractor truth.,"Official closure dossier only. SCM rows and public contractor leads are review leads; they are not promoted to official award, contractor, or successful-bidder truth."
official_award_closure_e54c7da9007cc8cddcd4,mscl_project_bfe3749c86e504aa,Smart Road 1,https://mangalurusmartcity.net/project/40,completed,completed,completed_project_listing,,high,official_award_or_work_order_truth_joined,official_work_order_status_joined_contractor_gap,1,True,True,True,False,False,"[""award_date"", ""contractor_or_successful_bidder"", ""award_amount_inr""]","[""tender_status"", ""work_order_date"", ""work_order_amount_inr"", ""completion_date"", ""official_source_url""]",27,"[{""document_id"": ""mscl_doc_2c3b485d21f74bc8"", ""document_label"": ""BOQ"", ""document_role"": ""boq"", ""document_url"": ""https://mangalurusmartcity.net/contents/1334789.17709309-1251593.34178707.pdf"", ""parse_status"": ""parsed"", ""review_priority"": ""medium"", ""table_count"": 0, ""text_char_count"": 54355}, {""document_id"": ""mscl_doc_700925c619509aca"", ""document_label"": ""BOQ with estimate"", ""document_role"": ""boq"", ""document_url"": ""https://mangalurusmartcity.net/contents/5469294.10913461-1120493.65614153.pdf"", ""parse_status"": ""parsed"", ""review_priority"": ""medium"", ""table_count"": 0, ""text_char_count"": 466453}, {""document_id"": ""mscl_doc_057ff4d66c8717f9_child_0a0315cc7d1e4c4a"", ""document_label"": ""WTE_2292_00_L_2.02 (R0) PLANTING PLAN OF MAIDAN ROAD (SHEET 2 of 2).pdf"", ""document_role"": ""drawings"", ""document_url"": ""https://mangalurusmartcity.net/contents/406372.840705501-669948.907209369.rar#archive-entry=WTE_2292_00_L_2.02%20%28R0%29%20PLANTING%20PLAN%20OF%20MAIDAN%20ROAD%20%28SHEET%202%20of%202%29.pdf"", ""parse_status"": ""parsed"", ""review_priority"": ""low"", ""table_count"": 0, ""text_char_count"": 13682}, {""document_id"": ""mscl_doc_057ff4d66c8717f9_child_0cb4363b9787a85b"", ""document_label"": ""WTE_2292_00_R_1.04 (R0) PROPOSED CROSS SECTIONS OF MADIAN ROAD (SHEET 5 OF 8).pdf"", ""document_role"": ""drawings"", ""document_url"": ""https://mangalurusmartcity.net/contents/406372.840705501-669948.907209369.rar#archive-entry=WTE_2292_00_R_1.04%20%28R0%29%20PROPOSED%20CROSS%20SECTIONS%20OF%20MADIAN%20ROAD%20%28SHEET%205%20OF%208%29.pdf"", ""parse_status"": ""parsed"", ""review_priority"": ""low"", ""table_count"": 0, ""text_char_count"": 44036}, {""document_id"": ""mscl_doc_057ff4d66c8717f9_child_0e0d53465c7c4621"", ""document_label"": ""WTE_2292_00_R_1.04 (R0) PROPOSED CROSS SECTIONS OF MADIAN ROAD (SHEET 2 OF 8).pdf"", ""document_role"": ""drawings"", ""document_url"": ""https://mangalurusmartcity.net/contents/406372.840705501-669948.907209369.rar#archive-entry=WTE_2292_00_R_1.04%20%28R0%29%20PROPOSED%20CROSS%20SECTIONS%20OF%20MADIAN%20ROAD%20%28SHEET%202%20OF%208%29.pdf"", ""parse_status"": ""parsed"", ""review_priority"": ""low"", ""table_count"": 0, ""text_char_count"": 38103}, {""document_id"": ""mscl_doc_057ff4d66c8717f9_child_116be180f6266b27"", ""document_label"": ""WTE_2292_00_R_1.01 (R0) EXISTING FEATURES OF MADIAN ROAD (SHEET 1 OF 2).pdf"", ""document_role"": ""drawings"", ""document_url"": ""https://mangalurusmartcity.net/contents/406372.840705501-669948.907209369.rar#archive-entry=WTE_2292_00_R_1.01%20%28R0%29%20EXISTING%20FEATURES%20OF%20MADIAN%20ROAD%20%28SHEET%201%20OF%202%29.pdf"", ""parse_status"": ""parsed"", ""review_priority"": ""low"", ""table_count"": 0, ""text_char_count"": 28545}]",75600000.0,Grand Total,1,1,0,0,4,"{""indexed_table_text_curated"": 1, ""timeout"": 3}",0,[],Use joined official work-order/status fields as lifecycle evidence; do not use as contractor or successful-bidder truth.,"Cannot claim verified contractor or successful bidder, award date, award amount from the current release.","Add a lawful KPPP/eProc, MSCL, or MCC award-register/export row for Smart Road 1 that names the contractor/successful bidder and award amount/date.",promote_work_order_status_fields_only,Joined official rows provide work-order/status evidence but not award identity or contractor truth.,"Official closure dossier only. SCM rows and public contractor leads are review leads; they are not promoted to official award, contractor, or successful-bidder truth."
official_award_closure_dd2aedb1dd006213db34,mscl_project_775f00415a9213f8,Smart Road 2,https://mangalurusmartcity.net/project/39,completed,completed,completed_project_listing,,high,official_award_or_work_order_truth_joined,official_work_order_status_joined_contractor_gap,1,True,True,False,False,False,"[""award_date"", ""contractor_or_successful_bidder"", ""award_amount_inr""]","[""tender_status"", ""work_order_date"", ""work_order_amount_inr"", ""official_source_url""]",23,"[{""document_id"": ""mscl_doc_a749a0a26bef1d73"", ""document_label"": ""BOQ"", ""document_role"": ""boq"", ""document_url"": ""https://mangalurusmartcity.net/contents/464132.516861024-1089021.04716946.pdf"", ""parse_status"": ""parsed"", ""review_priority"": ""medium"", ""table_count"": 0, ""text_char_count"": 918489}, {""document_id"": ""mscl_doc_c55280669cb65ba5"", ""document_label"": ""DPR"", ""document_role"": ""dpr"", ""document_url"": ""https://mangalurusmartcity.net/contents/4105976.88244003-1470450.39597824.pdf"", ""parse_status"": ""parsed"", ""review_priority"": ""low"", ""table_count"": 0, ""text_char_count"": 25}, {""document_id"": ""mscl_doc_9ea4ee2509bdb0c6_child_0cec25102f9001d5"", ""document_label"": ""WTE_2292_00_R_5.01 (R1) PROPOSED CROSS SECTION OF MADIAN ROADS PART-2 (SHEET 3 OF 3).pdf"", ""document_role"": ""drawings"", ""document_url"": ""https://mangalurusmartcity.net/contents/5750561.21952392-350107.808225661.rar#archive-entry=Drawing/WTE_2292_00_R_5.01%20%28R1%29%20PROPOSED%20CROSS%20SECTION%20OF%20MADIAN%20ROADS%20PART-2%20%28SHEET%203%20OF%203%29.pdf"", ""parse_status"": ""parsed"", ""review_priority"": ""low"", ""table_count"": 0, ""text_char_count"": 37037}, {""document_id"": ""mscl_doc_9ea4ee2509bdb0c6_child_0dc3e5b22a73e8ef"", ""document_label"": ""WTE_2292_00_R_5.02 (R2) PROPOSED CROSS SECTION OF NELLIKAI ROAD (SHEET 4 OF 6).pdf"", ""document_role"": ""drawings"", ""document_url"": ""https://mangalurusmartcity.net/contents/5750561.21952392-350107.808225661.rar#archive-entry=Drawing/WTE_2292_00_R_5.02%20%28R2%29%20PROPOSED%20CROSS%20SECTION%20OF%20NELLIKAI%20ROAD%20%28SHEET%204%20OF%206%29.pdf"", ""parse_status"": ""parsed"", ""review_priority"": ""low"", ""table_count"": 0, ""text_char_count"": 22037}, {""document_id"": ""mscl_doc_9ea4ee2509bdb0c6_child_245ed1474038986a"", ""document_label"": ""WTE_2292_00_U_1.04 (R1) PROPOSED UTILITY SERVICES OF MISSION STREET ROAD.pdf"", ""document_role"": ""drawings"", ""document_url"": ""https://mangalurusmartcity.net/contents/5750561.21952392-350107.808225661.rar#archive-entry=Drawing/WTE_2292_00_U_1.04%20%28R1%29%20PROPOSED%20UTILITY%20SERVICES%20OF%20MISSION%20STREET%20ROAD.pdf"", ""parse_status"": ""parsed"", ""review_priority"": ""low"", ""table_count"": 0, ""text_char_count"": 20761}, {""document_id"": ""mscl_doc_9ea4ee2509bdb0c6_child_389b5f132d42f5e1"", ""document_label"": ""WTE_2292_00_U_1.02 (R1) PROPOSED UTILITY SERVICES OF NELLIKAI ROAD.pdf"", ""document_role"": ""drawings"", ""document_url"": ""https://mangalurusmartcity.net/contents/5750561.21952392-350107.808225661.rar#archive-entry=Drawing/WTE_2292_00_U_1.02%20%28R1%29%20PROPOSED%20UTILITY%20SERVICES%20OF%20NELLIKAI%20ROAD.pdf"", ""parse_status"": ""parsed"", ""review_priority"": ""low"", ""table_count"": 0, ""text_char_count"": 22442}]",137640000.0,Grand Total,1,1,0,0,4,"{""indexed_table_text_curated"": 1, ""timeout"": 3}",0,[],Use joined official work-order/status fields as lifecycle evidence; do not use as contractor or successful-bidder truth.,"Cannot claim verified contractor or successful bidder, award date, award amount from the current release.","Add a lawful KPPP/eProc, MSCL, or MCC award-register/export row for Smart Road 2 that names the contractor/successful bidder and award amount/date.",promote_work_order_status_fields_only,Joined official rows provide work-order/status evidence but not award identity or contractor truth.,"Official closure dossier only. SCM rows and public contractor leads are review leads; they are not promoted to official award, contractor, or successful-bidder truth."
official_award_closure_98c03186276e6b000a0f,mscl_project_60002bfd95a402b0,Smart Road 3,https://mangalurusmartcity.net/project/38,completed,completed,completed_project_listing,,high,official_award_or_work_order_truth_joined,official_work_order_status_joined_contractor_gap,1,True,True,False,False,False,"[""award_date"", ""contractor_or_successful_bidder"", ""award_amount_inr""]","[""tender_status"", ""work_order_date"", ""work_order_amount_inr"", ""official_source_url""]",23,"[{""document_id"": ""mscl_doc_2891b0dcd1dbb3f5"", ""document_label"": ""BOQ"", ""document_role"": ""boq"", ""document_url"": ""https://mangalurusmartcity.net/contents/5640733.16549916-835571.913629445.pdf"", ""parse_status"": ""parsed"", ""review_priority"": ""medium"", ""table_count"": 0, ""text_char_count"": 1047172}, {""document_id"": ""mscl_doc_aa02458439c8cde6"", ""document_label"": ""DPR"", ""document_role"": ""dpr"", ""document_url"": ""https://mangalurusmartcity.net/contents/7239861.55224958-692338.433424255.pdf"", ""parse_status"": ""parsed"", ""review_priority"": ""low"", ""table_count"": 0, ""text_char_count"": 257771}, {""document_id"": ""mscl_doc_d43724388121db5e_child_11619dc330af0a11"", ""document_label"": ""WTE_2292_03_R_4.01 (R0) ROAD SIGNAGES AND MARKING DETAILS.pdf"", ""document_role"": ""dpr"", ""document_url"": ""https://mangalurusmartcity.net/contents/3670378.81336658-837256.487174538.rar#archive-entry=DPR%203%20-%20Drawings%2022_11_18/WTE_2292_03_R_4.01%20%28R0%29%20ROAD%20SIGNAGES%20AND%20MARKING%20DETAIL/WTE_2292_03_R_4.01%20%28R0%29%20ROAD%20SIGNAGES%20AND%20MARKING%20DETAILS.pdf"", ""parse_status"": ""parsed"", ""review_priority"": ""low"", ""table_count"": 0, ""text_char_count"": 20120}, {""document_id"": ""mscl_doc_d43724388121db5e_child_28ee29574b6b8522"", ""document_label"": ""WTE_2292_03_R_1.04 (R0) EXISTING FEATURES OF LIGHT HOUSE HILL ROADS (Part - 11) Sheet 1 of 2.pdf"", ""document_role"": ""dpr"", ""document_url"": ""https://mangalurusmartcity.net/contents/3670378.81336658-837256.487174538.rar#archive-entry=DPR%203%20-%20Drawings%2022_11_18/WTE_2292_03_R_1.01%20%28R0%29%20EXISTING%20FEATURES%20OF%20ROADS%20-%2022_11_18/WTE_2292_03_R_1.04%20%28R0%29%20EXISTING%20FEATURES%20OF%20LIGHT%20HOUSE%20HILL%20ROADS%20%28Part%20-%2011%29%20Sheet%201%20of%202.pdf"", ""parse_status"": ""parsed"", ""review_priority"": ""low"", ""table_count"": 0, ""text_char_count"": 35988}, {""document_id"": ""mscl_doc_d43724388121db5e_child_29d945be1cd5bfb8"", ""document_label"": ""WTE_2292_03_R_2.03 (R0) PLAN AND PROFILE OF MOHAMMED ALI ROAD_Sheet 1 of 1.pdf"", ""document_role"": ""dpr"", ""document_url"": ""https://mangalurusmartcity.net/contents/3670378.81336658-837256.487174538.rar#archive-entry=DPR%203%20-%20Drawings%2022_11_18/WTE_2292_03_R_2.01%20%28R0%29%20PLAN%20AND%20PROFILE%20-%2022_11_18/WTE_2292_03_R_2.03%20%28R0%29%20PLAN%20AND%20PROFILE%20OF%20MOHAMMED%20ALI%20ROAD_Sheet%201%20of%201.pdf"", ""parse_status"": ""parsed"", ""review_priority"": ""low"", ""table_count"": 0, ""text_char_count"": 17114}, {""document_id"": ""mscl_doc_d43724388121db5e_child_3f11a7cf135ac81d"", ""document_label"": ""WTE_2292_03_R_1.05 (R0) EXISTING FEATURES OF KMC MERKARA TRUNK ROAD ROADS (Part - 17) Sheet 2 of 2.pdf"", ""document_role"": ""dpr"", ""document_url"": ""https://mangalurusmartcity.net/contents/3670378.81336658-837256.487174538.rar#archive-entry=DPR%203%20-%20Drawings%2022_11_18/WTE_2292_03_R_1.01%20%28R0%29%20EXISTING%20FEATURES%20OF%20ROADS%20-%2022_11_18/WTE_2292_03_R_1.05%20%28R0%29%20EXISTING%20FEATURES%20OF%20KMC%20MERKARA%20TRUNK%20ROAD%20ROADS%20%28Part%20-%2017%29%20Sheet%202%20of%202.pdf"", ""parse_status"": ""parsed"", ""review_priority"": ""low"", ""table_count"": 0, ""text_char_count"": 22979}]",457000000.0,Grand Total,1,0,0,0,4,"{""indexed_table_text_curated"": 1, ""timeout"": 3}",0,[],Use joined official work-order/status fields as lifecycle evidence; do not use as contractor or successful-bidder truth.,"Cannot claim verified contractor or successful bidder, award date, award amount from the current release.","Add a lawful KPPP/eProc, MSCL, or MCC award-register/export row for Smart Road 3 that names the contractor/successful bidder and award amount/date.",promote_work_order_status_fields_only,Joined official rows provide work-order/status evidence but not award identity or contractor truth.,"Official closure dossier only. SCM rows and public contractor leads are review leads; they are not promoted to official award, contractor, or successful-bidder truth."
official_award_closure_c545174563d588608327,mscl_project_aeada954e2b08803,Smart Road 4,https://mangalurusmartcity.net/project/41,completed,completed,completed_project_listing,,high,official_award_or_work_order_truth_joined,official_work_order_status_joined_contractor_gap,1,True,True,False,False,False,"[""award_date"", ""contractor_or_successful_bidder"", ""award_amount_inr""]","[""tender_status"", ""work_order_date"", ""work_order_amount_inr"", ""official_source_url""]",168,"[{""document_id"": ""mscl_doc_b3f4ed039940723d"", ""document_label"": ""BOQ"", ""document_role"": ""boq"", ""document_url"": ""https://mangalurusmartcity.net/contents/1601567.54385753-192326.422606039.pdf"", ""parse_status"": ""parsed"", ""review_priority"": ""medium"", ""table_count"": 0, ""text_char_count"": 600329}, {""document_id"": ""mscl_doc_5cef47b8c17d45eb"", ""document_label"": ""DPR"", ""document_role"": ""dpr"", ""document_url"": ""https://mangalurusmartcity.net/contents/7422050.06416051-255728.240512292.pdf"", ""parse_status"": ""parsed"", ""review_priority"": ""low"", ""table_count"": 0, ""text_char_count"": 295936}, {""document_id"": ""mscl_doc_b9705a9ab6609bfd_child_271490edda4d4a56"", ""document_label"": ""DPR 4_list_.xlsx"", ""document_role"": ""dpr"", ""document_url"": ""https://mangalurusmartcity.net/contents/6644044.76370851-118067.67366445.rar#archive-entry=drawings1/DPR%204_list_.xlsx"", ""parse_status"": ""parsed"", ""review_priority"": ""low"", ""table_count"": 2, ""text_char_count"": 12377}, {""document_id"": ""mscl_doc_292b84e72a079d60_child_00c42923027e015c"", ""document_label"": ""WTE_2292_04_R_3.05 (R0) ROAD SIGNAGES - PLAN AND ROAD MARKING OF ROAD 10_12_18-Road 13b Sheet-1.pdf"", ""document_role"": ""drawings"", ""document_url"": ""https://mangalurusmartcity.net/contents/1496012.63995097-830347.508835584.rar#archive-entry=drawings3/WTE_2292_04_R_3.01%20%28R0%29%20ROAD%20SIGNAGES%20-%20PLAN%20AND%20ROAD%20MARKING%20OF%20ROAD%20-%2010_12_18/WTE_2292_04_R_3.05%20%28R0%29%20ROAD%20SIGNAGES%20-%20PLAN%20AND%20ROAD%20MARKING%20OF%20ROAD%2010_12_18-Road%2013b%20Sheet-1.pdf"", ""parse_status"": ""parsed"", ""review_priority"": ""low"", ""table_count"": 0, ""text_char_count"": 12504}, {""document_id"": ""mscl_doc_292b84e72a079d60_child_07a1ae06c9ad2ea8"", ""document_label"": ""WTE_2292_04_R_3.01 (R0) ROAD SIGNAGES - PLAN AND ROAD MARKING OF ROAD 10_12_18-Road 7b.pdf"", ""document_role"": ""drawings"", ""document_url"": ""https://mangalurusmartcity.net/contents/1496012.63995097-830347.508835584.rar#archive-entry=drawings3/WTE_2292_04_R_3.01%20%28R0%29%20ROAD%20SIGNAGES%20-%20PLAN%20AND%20ROAD%20MARKING%20OF%20ROAD%20-%2010_12_18/WTE_2292_04_R_3.01%20%28R0%29%20ROAD%20SIGNAGES%20-%20PLAN%20AND%20ROAD%20MARKING%20OF%20ROAD%2010_12_18-Road%207b.pdf"", ""parse_status"": ""parsed"", ""review_priority"": ""low"", ""table_count"": 0, ""text_char_count"": 12379}, {""document_id"": ""mscl_doc_292b84e72a079d60_child_14eb53e236654d9c"", ""document_label"": ""WTE_2292_04_R_3.04 (R0) ROAD SIGNAGES - PLAN AND ROAD MARKING OF ROAD 10_12_18-Road 13a Sheet-2.pdf"", ""document_role"": ""drawings"", ""document_url"": ""https://mangalurusmartcity.net/contents/1496012.63995097-830347.508835584.rar#archive-entry=drawings3/WTE_2292_04_R_3.01%20%28R0%29%20ROAD%20SIGNAGES%20-%20PLAN%20AND%20ROAD%20MARKING%20OF%20ROAD%20-%2010_12_18/WTE_2292_04_R_3.04%20%28R0%29%20ROAD%20SIGNAGES%20-%20PLAN%20AND%20ROAD%20MARKING%20OF%20ROAD%2010_12_18-Road%2013a%20Sheet-2.pdf"", ""parse_status"": ""parsed"", ""review_priority"": ""low"", ""table_count"": 0, ""text_char_count"": 11709}]",491777000.0,Grand Total,1,1,0,0,4,"{""indexed_table_text_curated"": 1, ""timeout"": 3}",0,[],Use joined official work-order/status fields as lifecycle evidence; do not use as contractor or successful-bidder truth.,"Cannot claim verified contractor or successful bidder, award date, award amount from the current release.","Add a lawful KPPP/eProc, MSCL, or MCC award-register/export row for Smart Road 4 that names the contractor/successful bidder and award amount/date.",promote_work_order_status_fields_only,Joined official rows provide work-order/status evidence but not award identity or contractor truth.,"Official closure dossier only. SCM rows and public contractor leads are review leads; they are not promoted to official award, contractor, or successful-bidder truth."
official_award_closure_6b387c0b59479dd00359,mscl_project_3d52e20e27a5b818,Smart Road 5,https://mangalurusmartcity.net/project/42,completed,completed,completed_project_listing,,high,official_award_or_work_order_truth_joined,official_work_order_status_joined_contractor_gap,1,True,True,False,False,False,"[""award_date"", ""contractor_or_successful_bidder"", ""award_amount_inr""]","[""tender_status"", ""work_order_date"", ""work_order_amount_inr"", ""official_source_url""]",48,"[{""document_id"": ""mscl_doc_d1a9ee46a6667150"", ""document_label"": ""BOQ"", ""document_role"": ""boq"", ""document_url"": ""https://mangalurusmartcity.net/contents/8809784.99018111-354746.020590312.pdf"", ""parse_status"": ""parsed"", ""review_priority"": ""medium"", ""table_count"": 0, ""text_char_count"": 1233917}, {""document_id"": ""mscl_doc_f6817bab98dcb4d0"", ""document_label"": ""DPR"", ""document_role"": ""dpr"", ""document_url"": ""https://mangalurusmartcity.net/contents/5740284.93172502-883441.906883995.pdf"", ""parse_status"": ""parsed"", ""review_priority"": ""low"", ""table_count"": 0, ""text_char_count"": 410972}, {""document_id"": ""mscl_doc_8c08caaadb6cd767_child_10b4191cb19f5f18"", ""document_label"": ""1.03 - EXISTING FEATURES OF ATTAVARA-NANDIGUDDA RD.(NANDIGUDDA WENLOCK JN  TO KMC HOSPITAL ROAD) - 7c(Sheet 3 of 3 ).pdf"", ""document_role"": ""drawings"", ""document_url"": ""https://mangalurusmartcity.net/contents/4267253.90565919-17010.3508890981.rar#archive-entry=Drawings/WTE_2292_05_R_1.01%20%28R0%29%20EXISTING%20FEATURES%20OF%20ROADS%20-%2010_12_18/1.03%20-%20EXISTING%20FEATURES%20OF%20ATTAVARA-NANDIGUDDA%20RD.%28NANDIGUDDA%20WENLOCK%20JN%20%20TO%20KMC%20HOSPITAL%20ROAD%29%20-%207c%28Sheet%203%20of%203%20%29.pdf"", ""parse_status"": ""parsed"", ""review_priority"": ""low"", ""table_count"": 0, ""text_char_count"": 14822}, {""document_id"": ""mscl_doc_8c08caaadb6cd767_child_12d427e3fbf1bede"", ""document_label"": ""3.06 - ROAD CARRIAGEWAY, FOOTPATH, SIGNAGES & ROAD MARKING PLAN OF ( Sheet 1 of 2 ).pdf"", ""document_role"": ""drawings"", ""document_url"": ""https://mangalurusmartcity.net/contents/4267253.90565919-17010.3508890981.rar#archive-entry=Drawings/WTE_2292_05_R_3.01%20%28R0%29%20ROAD%20SIGNAGES%20-%20PLAN%20AND%20ROAD%20MARKING%20OF%20ROAD%20-%2022_02_19/3.06%20-%20ROAD%20CARRIAGEWAY%2C%20FOOTPATH%2C%20SIGNAGES%20%26%20ROAD%20MARKING%20PLAN%20OF%20%28%20Sheet%201%20of%202%20%29.pdf"", ""parse_status"": ""parsed"", ""review_priority"": ""low"", ""table_count"": 0, ""text_char_count"": 23848}, {""document_id"": ""mscl_doc_8c08caaadb6cd767_child_19fde1d50f081bb6"", ""document_label"": ""3.02 - ROAD CARRIAGEWAY, FOOTPATH, SIGNAGES & ROAD MARKING PLAN OF (Sheet 3 of 5 ).pdf"", ""document_role"": ""drawings"", ""document_url"": ""https://mangalurusmartcity.net/contents/4267253.90565919-17010.3508890981.rar#archive-entry=Drawings/WTE_2292_05_R_3.01%20%28R0%29%20ROAD%20SIGNAGES%20-%20PLAN%20AND%20ROAD%20MARKING%20OF%20ROAD%20-%2022_02_19/3.02%20-%20ROAD%20CARRIAGEWAY%2C%20FOOTPATH%2C%20SIGNAGES%20%26%20ROAD%20MARKING%20PLAN%20OF%20%28Sheet%203%20of%205%20%29.pdf"", ""parse_status"": ""parsed"", ""review_priority"": ""low"", ""table_count"": 0, ""text_char_count"": 29405}, {""document_id"": ""mscl_doc_8c08caaadb6cd767_child_1a017b99845529c7"", ""document_label"": ""3.06 - ROAD CARRIAGEWAY, FOOTPATH, SIGNAGES & ROAD MARKING PLAN OF ( Sheet 2 of 2 ).pdf"", ""document_role"": ""drawings"", ""document_url"": ""https://mangalurusmartcity.net/contents/4267253.90565919-17010.3508890981.rar#archive-entry=Drawings/WTE_2292_05_R_3.01%20%28R0%29%20ROAD%20SIGNAGES%20-%20PLAN%20AND%20ROAD%20MARKING%20OF%20ROAD%20-%2022_02_19/3.06%20-%20ROAD%20CARRIAGEWAY%2C%20FOOTPATH%2C%20SIGNAGES%20%26%20ROAD%20MARKING%20PLAN%20OF%20%28%20Sheet%202%20of%202%20%29.pdf"", ""parse_status"": ""parsed"", ""review_priority"": ""low"", ""table_count"": 0, ""text_char_count"": 11304}]",492500000.0,Grand Total,1,1,0,0,4,"{""indexed_table_text_curated"": 1, ""timeout"": 3}",0,[],Use joined official work-order/status fields as lifecycle evidence; do not use as contractor or successful-bidder truth.,"Cannot claim verified contractor or successful bidder, award date, award amount from the current release.","Add a lawful KPPP/eProc, MSCL, or MCC award-register/export row for Smart Road 5 that names the contractor/successful bidder and award amount/date.",promote_work_order_status_fields_only,Joined official rows provide work-order/status evidence but not award identity or contractor truth.,"Official closure dossier only. SCM rows and public contractor leads are review leads; they are not promoted to official award, contractor, or successful-bidder truth."
official_award_closure_6627b8247541ae214d7e,mscl_project_083b6019c8669cba,Smart Road 6,https://mangalurusmartcity.net/project/43,completed,completed,completed_project_listing,,high,official_award_or_work_order_truth_joined,official_work_order_status_joined_contractor_gap,1,True,True,False,False,False,"[""award_date"", ""contractor_or_successful_bidder"", ""award_amount_inr""]","[""tender_status"", ""work_order_date"", ""work_order_amount_inr"", ""official_source_url""]",52,"[{""document_id"": ""mscl_doc_47a66abbc1e85ca7"", ""document_label"": ""BOQ"", ""document_role"": ""boq"", ""document_url"": ""https://mangalurusmartcity.net/contents/6700818.17391367-1043390.87835614.pdf"", ""parse_status"": ""parsed"", ""review_priority"": ""medium"", ""table_count"": 0, ""text_char_count"": 1323830}, {""document_id"": ""mscl_doc_8bcee04553f1a8a3_child_121a78604e632fa6"", ""document_label"": ""3.05 - MANGALADEVI TEMPLE ROAD (ROAD NO. 6)  Sheet - 3 of 3.pdf"", ""document_role"": ""drawings"", ""document_url"": ""https://mangalurusmartcity.net/contents/5289819.97412155-748588.443147095.rar#archive-entry=Drawings1/WTE_2292_06_R_3.01%20%28R0%29%20ROAD%20SIGNAGES%20-%20PLAN%20AND%20ROAD%20MARKING%20OF%20ROAD%20-%2009_03_19/3.05%20-%20MANGALADEVI%20TEMPLE%20ROAD%20%28ROAD%20NO.%206%29%20%20Sheet%20-%203%20of%203.pdf"", ""parse_status"": ""parsed"", ""review_priority"": ""low"", ""table_count"": 0, ""text_char_count"": 11261}, {""document_id"": ""mscl_doc_8bcee04553f1a8a3_child_2bc0cc97794d4536"", ""document_label"": ""3.06 - MONKEYSTAND NEW ROAD (ROAD NO. 7) Sheet - 2 of 3.pdf"", ""document_role"": ""drawings"", ""document_url"": ""https://mangalurusmartcity.net/contents/5289819.97412155-748588.443147095.rar#archive-entry=Drawings1/WTE_2292_06_R_3.01%20%28R0%29%20ROAD%20SIGNAGES%20-%20PLAN%20AND%20ROAD%20MARKING%20OF%20ROAD%20-%2009_03_19/3.06%20-%20MONKEYSTAND%20NEW%20ROAD%20%28ROAD%20NO.%207%29%20Sheet%20-%202%20of%203.pdf"", ""parse_status"": ""parsed"", ""review_priority"": ""low"", ""table_count"": 0, ""text_char_count"": 19672}, {""document_id"": ""mscl_doc_8bcee04553f1a8a3_child_3afcfc38b29703a9"", ""document_label"": ""3.01 - ROAD CARRIAGEWAY, FOOTPATH, SIGNAGES & ROAD MARKING PLAN OF ( Sheet 4 of 4 ).pdf"", ""document_role"": ""drawings"", ""document_url"": ""https://mangalurusmartcity.net/contents/5289819.97412155-748588.443147095.rar#archive-entry=Drawings1/WTE_2292_06_R_3.01%20%28R0%29%20ROAD%20SIGNAGES%20-%20PLAN%20AND%20ROAD%20MARKING%20OF%20ROAD%20-%2009_03_19/3.01%20-%20ROAD%20CARRIAGEWAY%2C%20FOOTPATH%2C%20SIGNAGES%20%26%20ROAD%20MARKING%20PLAN%20OF%20%28%20Sheet%204%20of%204%20%29.pdf"", ""parse_status"": ""parsed"", ""review_priority"": ""low"", ""table_count"": 0, ""text_char_count"": 8595}, {""document_id"": ""mscl_doc_8bcee04553f1a8a3_child_3cdb317f4de6e390"", ""document_label"": ""3.08 - GUJJARKERE ROAD (ROAD NO. 9) Sheet 2 of 3.pdf"", ""document_role"": ""drawings"", ""document_url"": ""https://mangalurusmartcity.net/contents/5289819.97412155-748588.443147095.rar#archive-entry=Drawings1/WTE_2292_06_R_3.01%20%28R0%29%20ROAD%20SIGNAGES%20-%20PLAN%20AND%20ROAD%20MARKING%20OF%20ROAD%20-%2009_03_19/3.08%20-%20GUJJARKERE%20ROAD%20%28ROAD%20NO.%209%29%20Sheet%202%20of%203.pdf"", ""parse_status"": ""parsed"", ""review_priority"": ""low"", ""table_count"": 0, ""text_char_count"": 21937}, {""document_id"": ""mscl_doc_8bcee04553f1a8a3_child_44a606a623fe24c6"", ""document_label"": ""3.02 - ROAD CARRIAGEWAY, FOOTPATH, SIGNAGES & ROAD MARKING PLAN OF ( Sheet 2 of 2 ).pdf"", ""document_role"": ""drawings"", ""document_url"": ""https://mangalurusmartcity.net/contents/5289819.97412155-748588.443147095.rar#archive-entry=Drawings1/WTE_2292_06_R_3.01%20%28R0%29%20ROAD%20SIGNAGES%20-%20PLAN%20AND%20ROAD%20MARKING%20OF%20ROAD%20-%2009_03_19/3.02%20-%20ROAD%20CARRIAGEWAY%2C%20FOOTPATH%2C%20SIGNAGES%20%26%20ROAD%20MARKING%20PLAN%20OF%20%28%20Sheet%202%20of%202%20%29.pdf"", ""parse_status"": ""parsed"", ""review_priority"": ""low"", ""table_count"": 0, ""text_char_count"": 9924}]",520500000.0,Grand Total,1,1,0,0,4,"{""indexed_table_text_curated"": 1, ""timeout"": 3}",0,[],Use joined official work-order/status fields as lifecycle evidence; do not use as contractor or successful-bidder truth.,"Cannot claim verified contractor or successful bidder, award date, award amount from the current release.","Add a lawful KPPP/eProc, MSCL, or MCC award-register/export row for Smart Road 6 that names the contractor/successful bidder and award amount/date.",promote_work_order_status_fields_only,Joined official rows provide work-order/status evidence but not award identity or contractor truth.,"Official closure dossier only. SCM rows and public contractor leads are review leads; they are not promoted to official award, contractor, or successful-bidder truth."
official_award_closure_4e454b78585f4cea528a,mscl_project_7e2c672c1d2ce30b,Smart Road 7,https://mangalurusmartcity.net/project/44,completed,completed,completed_project_listing,,high,official_award_or_work_order_truth_joined,official_work_order_status_joined_contractor_gap,1,True,True,False,False,False,"[""award_date"", ""contractor_or_successful_bidder"", ""award_amount_inr""]","[""tender_status"", ""work_order_date"", ""work_order_amount_inr"", ""official_source_url""]",31,"[{""document_id"": ""mscl_doc_0c2300569b83a0da"", ""document_label"": ""BOQ"", ""document_role"": ""boq"", ""document_url"": ""https://mangalurusmartcity.net/contents/5390958.99341207-208641.800230491.pdf"", ""parse_status"": ""parsed"", ""review_priority"": ""medium"", ""table_count"": 0, ""text_char_count"": 1419493}, {""document_id"": ""mscl_doc_377083fb1ca6a3cc_child_00f9d04ff85dd031"", ""document_label"": ""1.08- EXISTING FEATURE OF ROADS - Part II-Road- 8 sheet 1 of 2.pdf"", ""document_role"": ""drawings"", ""document_url"": ""https://mangalurusmartcity.net/contents/4781689.95342296-371390.493578706.rar#archive-entry=Drawings/WTE_2292_07_R_1.01%20%28R0%29%20EXISTING%20FEATURES%20OF%20ROADS%20-%2009_05_2019/1.08-%20EXISTING%20FEATURE%20OF%20ROADS%20-%20Part%20II-Road-%208%20sheet%201%20of%202.pdf"", ""parse_status"": ""parsed"", ""review_priority"": ""low"", ""table_count"": 0, ""text_char_count"": 19152}, {""document_id"": ""mscl_doc_377083fb1ca6a3cc_child_03ccbe59a6e20590"", ""document_label"": ""PLAN AND PROFILE OF MAIDAN 4TH CROSS ROAD (ROAD NO.10).pdf"", ""document_role"": ""drawings"", ""document_url"": ""https://mangalurusmartcity.net/contents/4781689.95342296-371390.493578706.rar#archive-entry=Drawings/WTE_2292_07_R_2.01%20%28R0%29%20PLAN%20AND%20PROFILE%20-%2009_05_2019/PLAN%20AND%20PROFILE%20OF%20MAIDAN%204TH%20CROSS%20ROAD%20%28ROAD%20NO.10%29.pdf"", ""parse_status"": ""parsed"", ""review_priority"": ""low"", ""table_count"": 0, ""text_char_count"": 42442}, {""document_id"": ""mscl_doc_377083fb1ca6a3cc_child_073f4ee4a35771fe"", ""document_label"": ""PLAN AND PROFILE OF G.H.S CROSS ROAD (Jewellery Ln.)(ROAD NO. 4).pdf"", ""document_role"": ""drawings"", ""document_url"": ""https://mangalurusmartcity.net/contents/4781689.95342296-371390.493578706.rar#archive-entry=Drawings/WTE_2292_07_R_2.01%20%28R0%29%20PLAN%20AND%20PROFILE%20-%2009_05_2019/PLAN%20AND%20PROFILE%20OF%20G.H.S%20CROSS%20ROAD%20%28Jewellery%20Ln.%29%28ROAD%20NO.%204%29.pdf"", ""parse_status"": ""parsed"", ""review_priority"": ""low"", ""table_count"": 0, ""text_char_count"": 36366}, {""document_id"": ""mscl_doc_377083fb1ca6a3cc_child_205577258a07fa60"", ""document_label"": ""1.04- EXISTING FEATURE OF ROADS PLAN - Part I-Road- 4 sheet 1 of 1.pdf"", ""document_role"": ""drawings"", ""document_url"": ""https://mangalurusmartcity.net/contents/4781689.95342296-371390.493578706.rar#archive-entry=Drawings/WTE_2292_07_R_1.01%20%28R0%29%20EXISTING%20FEATURES%20OF%20ROADS%20-%2009_05_2019/1.04-%20EXISTING%20FEATURE%20OF%20ROADS%20PLAN%20-%20Part%20I-Road-%204%20sheet%201%20of%201.pdf"", ""parse_status"": ""parsed"", ""review_priority"": ""low"", ""table_count"": 0, ""text_char_count"": 15350}, {""document_id"": ""mscl_doc_377083fb1ca6a3cc_child_22b53432b0512573"", ""document_label"": ""1.12- EXISTING FEATURE OF ROADS - Part III-Road-12 sheet 1 of 1.pdf"", ""document_role"": ""drawings"", ""document_url"": ""https://mangalurusmartcity.net/contents/4781689.95342296-371390.493578706.rar#archive-entry=Drawings/WTE_2292_07_R_1.01%20%28R0%29%20EXISTING%20FEATURES%20OF%20ROADS%20-%2009_05_2019/1.12-%20EXISTING%20FEATURE%20OF%20ROADS%20-%20Part%20III-Road-12%20sheet%201%20of%201.pdf"", ""parse_status"": ""parsed"", ""review_priority"": ""low"", ""table_count"": 0, ""text_char_count"": 14994}]",397900000.0,Grand Total,1,0,0,0,4,"{""indexed_table_text_curated"": 1, ""timeout"": 3}",0,[],Use joined official work-order/status fields as lifecycle evidence; do not use as contractor or successful-bidder truth.,"Cannot claim verified contractor or successful bidder, award date, award amount from the current release.","Add a lawful KPPP/eProc, MSCL, or MCC award-register/export row for Smart Road 7 that names the contractor/successful bidder and award amount/date.",promote_work_order_status_fields_only,Joined official rows provide work-order/status evidence but not award identity or contractor truth.,"Official closure dossier only. SCM rows and public contractor leads are review leads; they are not promoted to official award, contractor, or successful-bidder truth."
official_award_closure_bb94dea67bc9e5b73cc2,mscl_project_7e883d19423fb6a7,Swimming Pool Complex,https://mangalurusmartcity.net/project/13,completed,completed,completed_project_listing,249400000.0,highest,official_award_or_work_order_truth_joined,official_work_order_status_joined_contractor_gap,1,True,True,False,False,False,"[""award_date"", ""contractor_or_successful_bidder"", ""award_amount_inr""]","[""tender_status"", ""work_order_date"", ""work_order_amount_inr"", ""official_source_url""]",2,"[{""document_id"": ""mscl_doc_ef96ac38e6c322ae"", ""document_label"": ""BOQ"", ""document_role"": ""boq"", ""document_url"": ""https://mangalurusmartcity.net/contents/8168468.26028473-105307.035050163.pdf"", ""parse_status"": ""parsed"", ""review_priority"": ""medium"", ""table_count"": 0, ""text_char_count"": 385917}, {""document_id"": ""mscl_doc_773029139f3ef185"", ""document_label"": ""Drawings"", ""document_role"": ""drawings"", ""document_url"": ""https://mangalurusmartcity.net/contents/4699921.22831751-128306.215501482.pdf"", ""parse_status"": ""parsed"", ""review_priority"": ""low"", ""table_count"": 0, ""text_char_count"": 500462}]",,,1,0,2,1,5,"{""indexed_table_text_curated"": 1, ""timeout"": 3, ""web_index_no_promotable_official_result"": 1}",0,[],Use joined official work-order/status fields as lifecycle evidence; do not use as contractor or successful-bidder truth.,"Cannot claim verified contractor or successful bidder, award date, award amount from the current release.","Add a lawful KPPP/eProc, MSCL, or MCC award-register/export row for Swimming Pool Complex that names the contractor/successful bidder and award amount/date.",promote_work_order_status_fields_only,Joined official rows provide work-order/status evidence but not award identity or contractor truth.,"Official closure dossier only. SCM rows and public contractor leads are review leads; they are not promoted to official award, contractor, or successful-bidder truth."
official_award_closure_7a734bf0647e6d8355ba,mscl_project_f2a84dc69e6d7574,UGD 1,https://mangalurusmartcity.net/project/45,completed,completed,completed_project_listing,,high,no_matching_official_import_row,no_promotable_official_award_row,0,False,False,False,False,False,"[""tender_status"", ""award_date"", ""work_order_date"", ""contractor_or_successful_bidder"", ""award_amount_inr"", ""work_order_amount_inr"", ""official_source_url""]",[],29,"[{""document_id"": ""mscl_doc_f1ec125ff14003b9"", ""document_label"": ""BOQ"", ""document_role"": ""boq"", ""document_url"": ""https://mangalurusmartcity.net/contents/7507954.38769644-802119.84564499.pdf"", ""parse_status"": ""parsed"", ""review_priority"": ""medium"", ""table_count"": 0, ""text_char_count"": 205032}, {""document_id"": ""mscl_doc_cb56b1330e830143"", ""document_label"": ""DPR"", ""document_role"": ""dpr"", ""document_url"": ""https://mangalurusmartcity.net/contents/445398.553481977-1109356.67405596.pdf"", ""parse_status"": ""parsed"", ""review_priority"": ""low"", ""table_count"": 0, ""text_char_count"": 131682}, {""document_id"": ""mscl_doc_a47e22e88c29ac66_child_0066b086caa4c58e"", ""document_label"": ""L Section for Underground Drainage Network for Zone 4 (Part-1) in ABD Area-Sheet 6.pdf"", ""document_role"": ""drawings"", ""document_url"": ""https://mangalurusmartcity.net/contents/2028836.87896134-827719.867454667.rar#archive-entry=Z%20-%204%20%28Pakage%20-%201%29%20PDF/L%20Section%20for%20Underground%20Drainage%20Network%20for%20Zone%204%20%28Part-1%29%20in%20ABD%20Area-Sheet%206.pdf"", ""parse_status"": ""parsed"", ""review_priority"": ""low"", ""table_count"": 0, ""text_char_count"": 34967}, {""document_id"": ""mscl_doc_a47e22e88c29ac66_child_0ac04fefe00ac75b"", ""document_label"": ""(3.1.2018)WTE_2292_00_UGD_2.01 (R0) UNDERGROUND DRAINAGE NETWORK FOR ZONE IV (PART) IN ABD AREA-A1.pdf"", ""document_role"": ""drawings"", ""document_url"": ""https://mangalurusmartcity.net/contents/2028836.87896134-827719.867454667.rar#archive-entry=Z%20-%204%20%28Pakage%20-%201%29%20PDF/%283.1.2018%29WTE_2292_00_UGD_2.01%20%28R0%29%20UNDERGROUND%20DRAINAGE%20NETWORK%20FOR%20ZONE%20IV%20%28PART%29%20IN%20ABD%20AREA-A1.pdf"", ""parse_status"": ""parsed"", ""review_priority"": ""low"", ""table_count"": 0, ""text_char_count"": 797956}, {""document_id"": ""mscl_doc_a47e22e88c29ac66_child_14a613a65d1b3851"", ""document_label"": ""L Section for Underground Drainage Network for Zone 4 (Part-1) in ABD Area-Sheet 15.pdf"", ""document_role"": ""drawings"", ""document_url"": ""https://mangalurusmartcity.net/contents/2028836.87896134-827719.867454667.rar#archive-entry=Z%20-%204%20%28Pakage%20-%201%29%20PDF/L%20Section%20for%20Underground%20Drainage%20Network%20for%20Zone%204%20%28Part-1%29%20in%20ABD%20Area-Sheet%2015.pdf"", ""parse_status"": ""parsed"", ""review_priority"": ""low"", ""table_count"": 0, ""text_char_count"": 27884}, {""document_id"": ""mscl_doc_a47e22e88c29ac66_child_1f4414705583c214"", ""document_label"": ""L Section for Underground Drainage Network for Zone 4 (Part-1) in ABD Area-Sheet 12.pdf"", ""document_role"": ""drawings"", ""document_url"": ""https://mangalurusmartcity.net/contents/2028836.87896134-827719.867454667.rar#archive-entry=Z%20-%204%20%28Pakage%20-%201%29%20PDF/L%20Section%20for%20Underground%20Drainage%20Network%20for%20Zone%204%20%28Part-1%29%20in%20ABD%20Area-Sheet%2012.pdf"", ""parse_status"": ""parsed"", ""review_priority"": ""low"", ""table_count"": 0, ""text_char_count"": 32802}]",49950000.0,Grand Total,2,2,0,0,3,"{""timeout"": 3}",4,"[""loa_issued_package_level"", ""work_in_progress_package_level""]","Use MSCL page status/cost, document, BOQ, SCM, and public lead evidence only as review context; do not promote to official award/work-order truth.","Cannot claim verified contractor or successful bidder, award date, award amount, work-order date, work-order amount from the current release.","Add a lawful KPPP/eProc, MSCL, MCC, or Karnataka Legislature answer/export row for UGD 1 with source URL, work-order or award date, amount, and contractor/successful-bidder fields.",do_not_promote_award_fields,"No joined official import row currently proves award, work-order, amount, or contractor truth.","Official closure dossier only. SCM rows and public contractor leads are review leads; they are not promoted to official award, contractor, or successful-bidder truth."
official_award_closure_d2f3899340fa385a3a9c,mscl_project_fc77aba281b00c6d,Upgradation of Integrated Asset Management and Urban Property Ownership Record (UPOR) Building,https://mangalurusmartcity.net/project/30,completed,completed,completed_project_listing,50000000.0,high,official_award_or_work_order_truth_joined,official_work_order_status_joined_contractor_gap,1,True,True,False,False,False,"[""award_date"", ""contractor_or_successful_bidder"", ""award_amount_inr""]","[""tender_status"", ""work_order_date"", ""work_order_amount_inr"", ""official_source_url""]",10,"[{""document_id"": ""mscl_doc_f14e101d8f73c098"", ""document_label"": ""BOQ"", ""document_role"": ""boq"", ""document_url"": ""https://mangalurusmartcity.net/contents/1464578.51001275-94295.147677234.pdf"", ""parse_status"": ""parsed"", ""review_priority"": ""medium"", ""table_count"": 0, ""text_char_count"": 792571}, {""document_id"": ""mscl_doc_6139148108eb2afc"", ""document_label"": ""DPR"", ""document_role"": ""dpr"", ""document_url"": ""https://mangalurusmartcity.net/contents/4849481.95277223-1458590.09618317.pdf"", ""parse_status"": ""parsed"", ""review_priority"": ""low"", ""table_count"": 0, ""text_char_count"": 22356}, {""document_id"": ""mscl_doc_0b878c21c14050ed_child_012fff9afbed1e29"", ""document_label"": ""Upor  Elavation.pdf"", ""document_role"": ""drawings"", ""document_url"": ""https://mangalurusmartcity.net/contents/9586458.37362225-1159670.57762218.rar#archive-entry=UPOR_drawings/Upor%20%20Elavation.pdf"", ""parse_status"": ""parsed"", ""review_priority"": ""low"", ""table_count"": 0, ""text_char_count"": 8178}, {""document_id"": ""mscl_doc_0b878c21c14050ed_child_0bfb929806e0a954"", ""document_label"": ""Upor Secound & Terrace Floor Plan.pdf"", ""document_role"": ""drawings"", ""document_url"": ""https://mangalurusmartcity.net/contents/9586458.37362225-1159670.57762218.rar#archive-entry=UPOR_drawings/Upor%20Secound%20%26%20Terrace%20Floor%20Plan.pdf"", ""parse_status"": ""parsed"", ""review_priority"": ""low"", ""table_count"": 0, ""text_char_count"": 19096}, {""document_id"": ""mscl_doc_0b878c21c14050ed_child_4760497e02cde87e"", ""document_label"": ""Upor Entry & Exist Gtae Details.pdf"", ""document_role"": ""drawings"", ""document_url"": ""https://mangalurusmartcity.net/contents/9586458.37362225-1159670.57762218.rar#archive-entry=UPOR_drawings/Upor%20Entry%20%26%20Exist%20Gtae%20Details.pdf"", ""parse_status"": ""parsed"", ""review_priority"": ""low"", ""table_count"": 0, ""text_char_count"": 12980}, {""document_id"": ""mscl_doc_0b878c21c14050ed_child_8f2185afe55488df"", ""document_label"": ""Upor Sections A & B.pdf"", ""document_role"": ""drawings"", ""document_url"": ""https://mangalurusmartcity.net/contents/9586458.37362225-1159670.57762218.rar#archive-entry=UPOR_drawings/Upor%20Sections%20A%20%26%20B.pdf"", ""parse_status"": ""parsed"", ""review_priority"": ""low"", ""table_count"": 0, ""text_char_count"": 15265}]",46600000.0,Grand Total,1,0,0,0,4,"{""indexed_table_text_curated"": 1, ""timeout"": 3}",0,[],Use joined official work-order/status fields as lifecycle evidence; do not use as contractor or successful-bidder truth.,"Cannot claim verified contractor or successful bidder, award date, award amount from the current release.","Add a lawful KPPP/eProc, MSCL, or MCC award-register/export row for Upgradation of Integrated Asset Management and Urban Property Ownership Record (UPOR) Building that names the contractor/successful bidder and award amount/date.",promote_work_order_status_fields_only,Joined official rows provide work-order/status evidence but not award identity or contractor truth.,"Official closure dossier only. SCM rows and public contractor leads are review leads; they are not promoted to official award, contractor, or successful-bidder truth."
official_award_closure_b05608db8b0dde7612d0,mscl_project_038ab4aebc843da1,Upgradation of Mangala Stadium,https://mangalurusmartcity.net/project/27,completed,completed,completed_project_listing,100000000.0,high,official_award_or_work_order_truth_joined,official_work_order_status_joined_contractor_gap,1,True,True,False,False,False,"[""award_date"", ""contractor_or_successful_bidder"", ""award_amount_inr""]","[""tender_status"", ""work_order_date"", ""work_order_amount_inr"", ""official_source_url""]",1,"[{""document_id"": ""mscl_doc_d0d364eff40e1000"", ""document_label"": ""DPR"", ""document_role"": ""dpr"", ""document_url"": ""https://mangalurusmartcity.net/contents/2501399.49959768-620706.256433225.pdf"", ""parse_status"": ""parsed"", ""review_priority"": ""low"", ""table_count"": 0, ""text_char_count"": 355810}]",,,0,0,0,0,4,"{""indexed_table_text_curated"": 1, ""timeout"": 3}",0,[],Use joined official work-order/status fields as lifecycle evidence; do not use as contractor or successful-bidder truth.,"Cannot claim verified contractor or successful bidder, award date, award amount from the current release.","Add a lawful KPPP/eProc, MSCL, or MCC award-register/export row for Upgradation of Mangala Stadium that names the contractor/successful bidder and award amount/date.",promote_work_order_status_fields_only,Joined official rows provide work-order/status evidence but not award identity or contractor truth.,"Official closure dossier only. SCM rows and public contractor leads are review leads; they are not promoted to official award, contractor, or successful-bidder truth."
official_award_closure_db63327879314625152f,mscl_project_90f3d29c46797e36,Wenlock Hospital Upgradation,https://mangalurusmartcity.net/project/14,completed,completed,completed_project_listing,450000000.0,high,official_award_or_work_order_truth_joined,official_work_order_status_joined_contractor_gap,1,True,True,False,False,False,"[""award_date"", ""contractor_or_successful_bidder"", ""award_amount_inr""]","[""tender_status"", ""work_order_date"", ""work_order_amount_inr"", ""official_source_url""]",1,"[{""document_id"": ""mscl_doc_0667d1be83551b1f"", ""document_label"": ""DPR"", ""document_role"": ""dpr"", ""document_url"": ""https://mangalurusmartcity.net/contents/6562101.4389033-739708.455063954.pdf"", ""parse_status"": ""parsed"", ""review_priority"": ""low"", ""table_count"": 0, ""text_char_count"": 15538}]",,,0,0,0,0,4,"{""indexed_table_text_curated"": 1, ""timeout"": 3}",0,[],Use joined official work-order/status fields as lifecycle evidence; do not use as contractor or successful-bidder truth.,"Cannot claim verified contractor or successful bidder, award date, award amount from the current release.","Add a lawful KPPP/eProc, MSCL, or MCC award-register/export row for Wenlock Hospital Upgradation that names the contractor/successful bidder and award amount/date.",promote_work_order_status_fields_only,Joined official rows provide work-order/status evidence but not award identity or contractor truth.,"Official closure dossier only. SCM rows and public contractor leads are review leads; they are not promoted to official award, contractor, or successful-bidder truth."
