source_record_id,source_title,boq_document_count,boq_total_fact_count,grand_total_candidates_json,estimated_or_total_cost_candidates_json,tax_or_premium_components_json,best_total_amount_inr,best_total_label,best_total_document_id,limitations
mscl_project_083b6019c8669cba,Smart Road 6,1,10,"[{""amount_inr"": 520500000, ""amount_text"": ""52,05,00,000"", ""document_id"": ""mscl_doc_47a66abbc1e85ca7"", ""label_text"": ""Grand Total"", ""line_type"": ""grand_total"", ""page_number"": ""1"", ""row_index"": ""14"", ""table_index"": ""1""}]","[{""amount_inr"": 403002144, ""amount_text"": ""40,30,02,144"", ""document_id"": ""mscl_doc_47a66abbc1e85ca7"", ""label_text"": ""Construction Cost Sub Total"", ""line_type"": ""subtotal"", ""page_number"": ""1"", ""row_index"": ""5"", ""table_index"": ""1""}, {""amount_inr"": 520500000, ""amount_text"": ""52,05,00,000"", ""document_id"": ""mscl_doc_47a66abbc1e85ca7"", ""label_text"": ""Grand Total"", ""line_type"": ""grand_total"", ""page_number"": ""1"", ""row_index"": ""14"", ""table_index"": ""1""}]","[{""amount_inr"": 47299932, ""amount_text"": ""4,72,99,932"", ""document_id"": ""mscl_doc_47a66abbc1e85ca7"", ""label_text"": ""GST @ 12% on Civil Constrction Cost (Refer 1.0 Abstract)"", ""line_type"": ""tax_component"", ""page_number"": ""1"", ""row_index"": ""6"", ""table_index"": ""1""}, {""amount_inr"": 3963351, ""amount_text"": ""39,63,351"", ""document_id"": ""mscl_doc_47a66abbc1e85ca7"", ""label_text"": ""Provision for Third Party Damages and Maintenance at 1 st Year(DLP-"", ""line_type"": ""maintenance_component"", ""page_number"": ""1"", ""row_index"": ""7"", ""table_index"": ""1""}, {""amount_inr"": 276713, ""amount_text"": ""2,76,713"", ""document_id"": ""mscl_doc_47a66abbc1e85ca7"", ""label_text"": ""GST @12% on DLP Cost (Refer 5.1 Abstract)"", ""line_type"": ""tax_component"", ""page_number"": ""1"", ""row_index"": ""8"", ""table_index"": ""1""}, {""amount_inr"": 12321456, ""amount_text"": ""1,23,21,456"", ""document_id"": ""mscl_doc_47a66abbc1e85ca7"", ""label_text"": ""Maintenance Cost of 2nd,3rd and 4th Year"", ""line_type"": ""maintenance_component"", ""page_number"": ""1"", ""row_index"": ""9"", ""table_index"": ""1""}, {""amount_inr"": 1173949, ""amount_text"": ""11,73,949"", ""document_id"": ""mscl_doc_47a66abbc1e85ca7"", ""label_text"": ""GST @12% on Maintenanace Cost"", ""line_type"": ""tax_component"", ""page_number"": ""1"", ""row_index"": ""10"", ""table_index"": ""1""}, {""amount_inr"": 40300214, ""amount_text"": ""403,00,214"", ""document_id"": ""mscl_doc_47a66abbc1e85ca7"", ""label_text"": ""Escalation and Tender Premium @10%"", ""line_type"": ""tender_premium"", ""page_number"": ""1"", ""row_index"": ""11"", ""table_index"": ""1""}, {""amount_inr"": 72177, ""amount_text"": ""72,177"", ""document_id"": ""mscl_doc_47a66abbc1e85ca7"", ""label_text"": ""Miscellaneous and Rounding off"", ""line_type"": ""misc_component"", ""page_number"": ""1"", ""row_index"": ""13"", ""table_index"": ""1""}, {""amount_inr"": 48556, ""amount_text"": ""48,556"", ""document_id"": ""mscl_doc_47a66abbc1e85ca7"", ""label_text"": ""61.00 KSRB15-3.8 : Providing 18mm thick cement plaster in single coat with cement mortar 1:4, to brick masonry including rounding off corners wherever required smooth rendering, : Providing and removing scaffolding, including cost of materials... Sqm 168.48 288.20 48,556"", ""line_type"": ""misc_component"", ""page_number"": ""11"", ""row_index"": ""4"", ""table_index"": ""11""}]",520500000.0,Grand Total,mscl_doc_47a66abbc1e85ca7,Best total is selected from sampled BOQ total lines; it is not a full BOQ reconciliation.
mscl_project_3d52e20e27a5b818,Smart Road 5,1,10,"[{""amount_inr"": 492500000, ""amount_text"": ""49,25,00,000"", ""document_id"": ""mscl_doc_d1a9ee46a6667150"", ""label_text"": ""Grand Total"", ""line_type"": ""grand_total"", ""page_number"": ""1"", ""row_index"": ""14"", ""table_index"": ""1""}]","[{""amount_inr"": 382192534, ""amount_text"": ""38,21,92,534"", ""document_id"": ""mscl_doc_d1a9ee46a6667150"", ""label_text"": ""Construction Cost Sub Total"", ""line_type"": ""subtotal"", ""page_number"": ""1"", ""row_index"": ""5"", ""table_index"": ""1""}, {""amount_inr"": 492500000, ""amount_text"": ""49,25,00,000"", ""document_id"": ""mscl_doc_d1a9ee46a6667150"", ""label_text"": ""Grand Total"", ""line_type"": ""grand_total"", ""page_number"": ""1"", ""row_index"": ""14"", ""table_index"": ""1""}]","[{""amount_inr"": 44083165, ""amount_text"": ""4,40,83,165"", ""document_id"": ""mscl_doc_d1a9ee46a6667150"", ""label_text"": ""GST @ 12% -Civil Constrction Cost (Refer 1.0 Abstract)"", ""line_type"": ""tax_component"", ""page_number"": ""1"", ""row_index"": ""6"", ""table_index"": ""1""}, {""amount_inr"": 2883930, ""amount_text"": ""28,83,930"", ""document_id"": ""mscl_doc_d1a9ee46a6667150"", ""label_text"": ""Provision for Third Party Damages and Maintenance at 1 st Year(DLP-"", ""line_type"": ""maintenance_component"", ""page_number"": ""1"", ""row_index"": ""7"", ""table_index"": ""1""}, {""amount_inr"": 265467, ""amount_text"": ""2,65,467"", ""document_id"": ""mscl_doc_d1a9ee46a6667150"", ""label_text"": ""GST @12% on DLP Cost Items (Refer 5.1 Abstract)"", ""line_type"": ""tax_component"", ""page_number"": ""1"", ""row_index"": ""8"", ""table_index"": ""1""}, {""amount_inr"": 12184243, ""amount_text"": ""1,21,84,243"", ""document_id"": ""mscl_doc_d1a9ee46a6667150"", ""label_text"": ""Maintenance Cost of 2nd,3rd and 4th Year"", ""line_type"": ""maintenance_component"", ""page_number"": ""1"", ""row_index"": ""9"", ""table_index"": ""1""}, {""amount_inr"": 1181659, ""amount_text"": ""11,81,659"", ""document_id"": ""mscl_doc_d1a9ee46a6667150"", ""label_text"": ""GST @12% on Maintenanace Cost"", ""line_type"": ""tax_component"", ""page_number"": ""1"", ""row_index"": ""10"", ""table_index"": ""1""}, {""amount_inr"": 38219253, ""amount_text"": ""382,19,253"", ""document_id"": ""mscl_doc_d1a9ee46a6667150"", ""label_text"": ""Escalation and Tender Premium @10%"", ""line_type"": ""tender_premium"", ""page_number"": ""1"", ""row_index"": ""11"", ""table_index"": ""1""}, {""amount_inr"": 23972, ""amount_text"": ""23,972"", ""document_id"": ""mscl_doc_d1a9ee46a6667150"", ""label_text"": ""Miscellaneous and Rounding off"", ""line_type"": ""misc_component"", ""page_number"": ""1"", ""row_index"": ""13"", ""table_index"": ""1""}, {""amount_inr"": 39218, ""amount_text"": ""39,218"", ""document_id"": ""mscl_doc_d1a9ee46a6667150"", ""label_text"": ""62.00 KSRB15-3.8 : Providing 18mm thick cement plaster in single coat with cement mortar 1:4, to brick masonry including rounding off corners wherever required smooth rendering, : Providing and removing scaffolding, including cost of materials... Sqm 136.08 288.20 39,218"", ""line_type"": ""misc_component"", ""page_number"": ""12"", ""row_index"": ""2"", ""table_index"": ""12""}]",492500000.0,Grand Total,mscl_doc_d1a9ee46a6667150,Best total is selected from sampled BOQ total lines; it is not a full BOQ reconciliation.
mscl_project_60002bfd95a402b0,Smart Road 3,1,13,"[{""amount_inr"": 457000000, ""amount_text"": ""45,70,00,000"", ""document_id"": ""mscl_doc_2891b0dcd1dbb3f5"", ""label_text"": ""Grand Total"", ""line_type"": ""grand_total"", ""page_number"": ""1"", ""row_index"": ""17"", ""table_index"": ""1""}]","[{""amount_inr"": 349034539, ""amount_text"": ""34,90,34,539"", ""document_id"": ""mscl_doc_2891b0dcd1dbb3f5"", ""label_text"": ""Sub Total"", ""line_type"": ""subtotal"", ""page_number"": ""1"", ""row_index"": ""5"", ""table_index"": ""1""}, {""amount_inr"": 457000000, ""amount_text"": ""45,70,00,000"", ""document_id"": ""mscl_doc_2891b0dcd1dbb3f5"", ""label_text"": ""Grand Total"", ""line_type"": ""grand_total"", ""page_number"": ""1"", ""row_index"": ""17"", ""table_index"": ""1""}]","[{""amount_inr"": 29463095, ""amount_text"": ""2,94,63,095"", ""document_id"": ""mscl_doc_2891b0dcd1dbb3f5"", ""label_text"": ""GST @ 12% on SOR Base Items -Constrction Cost"", ""line_type"": ""tax_component"", ""page_number"": ""1"", ""row_index"": ""6"", ""table_index"": ""1""}, {""amount_inr"": 15423291, ""amount_text"": ""1,54,23,291"", ""document_id"": ""mscl_doc_2891b0dcd1dbb3f5"", ""label_text"": ""GST @ 18% on Market Rate Items -Constrction Cost"", ""line_type"": ""tax_component"", ""page_number"": ""1"", ""row_index"": ""7"", ""table_index"": ""1""}, {""amount_inr"": 3095630, ""amount_text"": ""30,95,630"", ""document_id"": ""mscl_doc_2891b0dcd1dbb3f5"", ""label_text"": ""Provision for Third Party Damages and Maintenance at 1 st Year(DLP)"", ""line_type"": ""maintenance_component"", ""page_number"": ""1"", ""row_index"": ""8"", ""table_index"": ""1""}, {""amount_inr"": 224284, ""amount_text"": ""2,24,284"", ""document_id"": ""mscl_doc_2891b0dcd1dbb3f5"", ""label_text"": ""GST @ 12% on SOR Base Items -Constrction Cost"", ""line_type"": ""tax_component"", ""page_number"": ""1"", ""row_index"": ""9"", ""table_index"": ""1""}, {""amount_inr"": 169240, ""amount_text"": ""1,69,240"", ""document_id"": ""mscl_doc_2891b0dcd1dbb3f5"", ""label_text"": ""GST @ 18% on Market Rate Items -Constrction Cost"", ""line_type"": ""tax_component"", ""page_number"": ""1"", ""row_index"": ""10"", ""table_index"": ""1""}, {""amount_inr"": 12708314, ""amount_text"": ""127,08,314"", ""document_id"": ""mscl_doc_2891b0dcd1dbb3f5"", ""label_text"": ""Maintenance Cost of 2nd,3rd and 4th Year"", ""line_type"": ""maintenance_component"", ""page_number"": ""1"", ""row_index"": ""11"", ""table_index"": ""1""}, {""amount_inr"": 1212260, ""amount_text"": ""12,12,260"", ""document_id"": ""mscl_doc_2891b0dcd1dbb3f5"", ""label_text"": ""GST @ 12% on SOR Base Items -Constrction Cost"", ""line_type"": ""tax_component"", ""page_number"": ""1"", ""row_index"": ""12"", ""table_index"": ""1""}, {""amount_inr"": 230869, ""amount_text"": ""2,30,869"", ""document_id"": ""mscl_doc_2891b0dcd1dbb3f5"", ""label_text"": ""GST @ 18% on Market Rate Items -Constrction Cost"", ""line_type"": ""tax_component"", ""page_number"": ""1"", ""row_index"": ""13"", ""table_index"": ""1""}, {""amount_inr"": 34903454, ""amount_text"": ""3,49,03,454"", ""document_id"": ""mscl_doc_2891b0dcd1dbb3f5"", ""label_text"": ""Escalation and Tender Premium at 10%"", ""line_type"": ""tender_premium"", ""page_number"": ""1"", ""row_index"": ""14"", ""table_index"": ""1""}, {""amount_inr"": 63988, ""amount_text"": ""63,988"", ""document_id"": ""mscl_doc_2891b0dcd1dbb3f5"", ""label_text"": ""Miscellaneous and Rounding off"", ""line_type"": ""misc_component"", ""page_number"": ""1"", ""row_index"": ""16"", ""table_index"": ""1""}, {""amount_inr"": 26146, ""amount_text"": ""26,146"", ""document_id"": ""mscl_doc_2891b0dcd1dbb3f5"", ""label_text"": ""57.00 KSRB15-3.8 : Providing 18mm thick cement plaster in single coat with cement mortar 1:4, to brick masonry including rounding off corners wherever required smooth rendering, : Providing and removing scaffolding, including cost of materials... Sqm 90.72 288.20 26,146"", ""line_type"": ""misc_component"", ""page_number"": ""11"", ""row_index"": ""5"", ""table_index"": ""11""}]",457000000.0,Grand Total,mscl_doc_2891b0dcd1dbb3f5,Best total is selected from sampled BOQ total lines; it is not a full BOQ reconciliation.
mscl_project_706b1fa83545292f,Construction of Command Control Center Building- annexe to MCC Building,2,10,"[{""amount_inr"": 50000000, ""amount_text"": ""5,00,00,000"", ""document_id"": ""mscl_doc_90a7780293cada9a"", ""label_text"": ""Grand Total"", ""line_type"": ""grand_total"", ""page_number"": ""1"", ""row_index"": ""13"", ""table_index"": ""1""}]","[{""amount_inr"": 42764168, ""amount_text"": ""4,27,64,168"", ""document_id"": ""mscl_doc_90a7780293cada9a"", ""label_text"": ""Construction Cost Sub Total"", ""line_type"": ""subtotal"", ""page_number"": ""1"", ""row_index"": ""8"", ""table_index"": ""1""}, {""amount_inr"": 50000000, ""amount_text"": ""5,00,00,000"", ""document_id"": ""mscl_doc_90a7780293cada9a"", ""label_text"": ""Grand Total"", ""line_type"": ""grand_total"", ""page_number"": ""1"", ""row_index"": ""13"", ""table_index"": ""1""}]","[{""amount_inr"": 47, ""amount_text"": ""47 months"", ""document_id"": ""mscl_doc_7265529cf0d9221a"", ""label_text"": ""6. Operations and Maintenance Phase 3, 4, 5 T + 26 0 Weeks 47 months O & M Reports + Audit Reports + (Re)Certifications SI + SPV"", ""line_type"": ""maintenance_component"", ""page_number"": ""29"", ""row_index"": ""19"", ""table_index"": ""10""}, {""amount_inr"": 3814605, ""amount_text"": ""38,14,605"", ""document_id"": ""mscl_doc_90a7780293cada9a"", ""label_text"": ""GST @ 12% on Construction Cost(Electrical Cost Excluded)"", ""line_type"": ""tax_component"", ""page_number"": ""1"", ""row_index"": ""9"", ""table_index"": ""1""}, {""amount_inr"": 2138208, ""amount_text"": ""21,38,208"", ""document_id"": ""mscl_doc_90a7780293cada9a"", ""label_text"": ""Escalation and Tender Premium @ 5%"", ""line_type"": ""tender_premium"", ""page_number"": ""1"", ""row_index"": ""10"", ""table_index"": ""1""}, {""amount_inr"": 1250000, ""amount_text"": ""12,50,000"", ""document_id"": ""mscl_doc_90a7780293cada9a"", ""label_text"": ""Add Contingency"", ""line_type"": ""contingency"", ""page_number"": ""1"", ""row_index"": ""11"", ""table_index"": ""1""}, {""amount_inr"": 33019, ""amount_text"": ""33,019"", ""document_id"": ""mscl_doc_90a7780293cada9a"", ""label_text"": ""Miscellaneous and Rounding off"", ""line_type"": ""misc_component"", ""page_number"": ""1"", ""row_index"": ""12"", ""table_index"": ""1""}, {""amount_inr"": 25, ""amount_text"": ""25.00"", ""document_id"": ""mscl_doc_90a7780293cada9a"", ""label_text"": ""25.00 KSRB15-3 : Providing 15mm thick cement plaster in single coat with cement mortar to brick masonry including rounding off corners wherever required srnooth rendering, Providing and removing scaffolding, including cost of materials, labour..."", ""line_type"": ""misc_component"", ""page_number"": ""5"", ""row_index"": ""12"", ""table_index"": ""5""}, {""amount_inr"": 27, ""amount_text"": ""27.00"", ""document_id"": ""mscl_doc_90a7780293cada9a"", ""label_text"": ""27.00 KSRB15-3 : Providing 12mm thick cement plaster in single coat with cement mortar, to ceiling including rounding off corners wherever required smooth rendering, including providing and removing scaffolding, cost of materials, labour, curi..."", ""line_type"": ""misc_component"", ""page_number"": ""5"", ""row_index"": ""22"", ""table_index"": ""5""}, {""amount_inr"": 31, ""amount_text"": ""31.00"", ""document_id"": ""mscl_doc_90a7780293cada9a"", ""label_text"": ""31.00 KSRB15-3 : Providing 18mm thick cement plaster in single coat with cement mortar to brick masonry including rounding off corners wherever required smooth rendering, Providing and removing scaffolding, including cost of materials, labour,..."", ""line_type"": ""misc_component"", ""page_number"": ""6"", ""row_index"": ""3"", ""table_index"": ""6""}]",50000000.0,Grand Total,mscl_doc_90a7780293cada9a,Best total is selected from sampled BOQ total lines; it is not a full BOQ reconciliation.
mscl_project_775f00415a9213f8,Smart Road 2,1,7,"[{""amount_inr"": 137640000, ""amount_text"": ""13,76,40,000"", ""document_id"": ""mscl_doc_a749a0a26bef1d73"", ""label_text"": ""Grand Total"", ""line_type"": ""grand_total"", ""page_number"": ""1"", ""row_index"": ""12"", ""table_index"": ""1""}]","[{""amount_inr"": 107247449, ""amount_text"": ""10,72,47,449"", ""document_id"": ""mscl_doc_a749a0a26bef1d73"", ""label_text"": ""Sub Total"", ""line_type"": ""subtotal"", ""page_number"": ""1"", ""row_index"": ""5"", ""table_index"": ""1""}, {""amount_inr"": 137640000, ""amount_text"": ""13,76,40,000"", ""document_id"": ""mscl_doc_a749a0a26bef1d73"", ""label_text"": ""Grand Total"", ""line_type"": ""grand_total"", ""page_number"": ""1"", ""row_index"": ""12"", ""table_index"": ""1""}]","[{""amount_inr"": 6090294, ""amount_text"": ""60,90,294"", ""document_id"": ""mscl_doc_a749a0a26bef1d73"", ""label_text"": ""Maintenance Cost"", ""line_type"": ""maintenance_component"", ""page_number"": ""1"", ""row_index"": ""6"", ""table_index"": ""1""}, {""amount_inr"": 1123806, ""amount_text"": ""11,23,806"", ""document_id"": ""mscl_doc_a749a0a26bef1d73"", ""label_text"": ""Provision for Third Party Damages and Maintenance at 1 st Year(DLP)"", ""line_type"": ""maintenance_component"", ""page_number"": ""1"", ""row_index"": ""7"", ""table_index"": ""1""}, {""amount_inr"": 9226821, ""amount_text"": ""92,26,821"", ""document_id"": ""mscl_doc_a749a0a26bef1d73"", ""label_text"": ""GST @ 12%"", ""line_type"": ""tax_component"", ""page_number"": ""1"", ""row_index"": ""8"", ""table_index"": ""1""}, {""amount_inr"": 10724745, ""amount_text"": ""107,24,745"", ""document_id"": ""mscl_doc_a749a0a26bef1d73"", ""label_text"": ""Escalation and Tender Premium at 10%"", ""line_type"": ""tender_premium"", ""page_number"": ""1"", ""row_index"": ""9"", ""table_index"": ""1""}, {""amount_inr"": 9462, ""amount_text"": ""9,462"", ""document_id"": ""mscl_doc_a749a0a26bef1d73"", ""label_text"": ""Miscellaneous and Rounding off"", ""line_type"": ""misc_component"", ""page_number"": ""1"", ""row_index"": ""11"", ""table_index"": ""1""}]",137640000.0,Grand Total,mscl_doc_a749a0a26bef1d73,Best total is selected from sampled BOQ total lines; it is not a full BOQ reconciliation.
mscl_project_7b85572394c04d53,Skill Development Center,1,5,"[{""amount_inr"": 24000000, ""amount_text"": ""2,40,00,000"", ""document_id"": ""mscl_doc_ad8f2db156bbe7da"", ""label_text"": ""Grand Total"", ""line_type"": ""grand_total"", ""page_number"": ""1"", ""row_index"": ""13"", ""table_index"": ""1""}]","[{""amount_inr"": 19281064, ""amount_text"": ""1,92,81,064"", ""document_id"": ""mscl_doc_ad8f2db156bbe7da"", ""label_text"": ""Construction Cost Sub Total"", ""line_type"": ""subtotal"", ""page_number"": ""1"", ""row_index"": ""8"", ""table_index"": ""1""}, {""amount_inr"": 24000000, ""amount_text"": ""2,40,00,000"", ""document_id"": ""mscl_doc_ad8f2db156bbe7da"", ""label_text"": ""Grand Total"", ""line_type"": ""grand_total"", ""page_number"": ""1"", ""row_index"": ""13"", ""table_index"": ""1""}]","[{""amount_inr"": 2121905, ""amount_text"": ""21,21,905"", ""document_id"": ""mscl_doc_ad8f2db156bbe7da"", ""label_text"": ""GST @ 12% on Construction Cost(Electrical Cost Excluded)"", ""line_type"": ""tax_component"", ""page_number"": ""1"", ""row_index"": ""9"", ""table_index"": ""1""}, {""amount_inr"": 1928106, ""amount_text"": ""19,28,106"", ""document_id"": ""mscl_doc_ad8f2db156bbe7da"", ""label_text"": ""Escalation and Tender Premium @10%"", ""line_type"": ""tender_premium"", ""page_number"": ""1"", ""row_index"": ""10"", ""table_index"": ""1""}, {""amount_inr"": 90493, ""amount_text"": ""90,493"", ""document_id"": ""mscl_doc_ad8f2db156bbe7da"", ""label_text"": ""Miscellaneous and Rounding off"", ""line_type"": ""misc_component"", ""page_number"": ""1"", ""row_index"": ""12"", ""table_index"": ""1""}]",24000000.0,Grand Total,mscl_doc_ad8f2db156bbe7da,Best total is selected from sampled BOQ total lines; it is not a full BOQ reconciliation.
mscl_project_7e2c672c1d2ce30b,Smart Road 7,1,10,"[{""amount_inr"": 397900000, ""amount_text"": ""39,79,00,000"", ""document_id"": ""mscl_doc_0c2300569b83a0da"", ""label_text"": ""Grand Total"", ""line_type"": ""grand_total"", ""page_number"": ""1"", ""row_index"": ""14"", ""table_index"": ""1""}]","[{""amount_inr"": 305542864, ""amount_text"": ""30,55,42,864"", ""document_id"": ""mscl_doc_0c2300569b83a0da"", ""label_text"": ""Construction Cost Sub Total"", ""line_type"": ""subtotal"", ""page_number"": ""1"", ""row_index"": ""5"", ""table_index"": ""1""}, {""amount_inr"": 397900000, ""amount_text"": ""39,79,00,000"", ""document_id"": ""mscl_doc_0c2300569b83a0da"", ""label_text"": ""Grand Total"", ""line_type"": ""grand_total"", ""page_number"": ""1"", ""row_index"": ""14"", ""table_index"": ""1""}]","[{""amount_inr"": 35178040, ""amount_text"": ""3,51,78,040"", ""document_id"": ""mscl_doc_0c2300569b83a0da"", ""label_text"": ""GST @ 12% on Civil Constrction Cost (Refer 1.0 Abstract)"", ""line_type"": ""tax_component"", ""page_number"": ""1"", ""row_index"": ""6"", ""table_index"": ""1""}, {""amount_inr"": 3257030, ""amount_text"": ""32,57,030"", ""document_id"": ""mscl_doc_0c2300569b83a0da"", ""label_text"": ""Provision for Third Party Damages and Maintenance at 1 st Year(DLP)"", ""line_type"": ""maintenance_component"", ""page_number"": ""1"", ""row_index"": ""7"", ""table_index"": ""1""}, {""amount_inr"": 229258, ""amount_text"": ""2,29,258"", ""document_id"": ""mscl_doc_0c2300569b83a0da"", ""label_text"": ""GST @12% on DLP Cost (Refer 5.1 Abstract)"", ""line_type"": ""tax_component"", ""page_number"": ""1"", ""row_index"": ""8"", ""table_index"": ""1""}, {""amount_inr"": 12705091, ""amount_text"": ""1,27,05,091"", ""document_id"": ""mscl_doc_0c2300569b83a0da"", ""label_text"": ""Maintenance Cost of 2nd,3rd and 4th Year"", ""line_type"": ""maintenance_component"", ""page_number"": ""1"", ""row_index"": ""9"", ""table_index"": ""1""}, {""amount_inr"": 1219735, ""amount_text"": ""12,19,735"", ""document_id"": ""mscl_doc_0c2300569b83a0da"", ""label_text"": ""GST @12% on Maintenanace Cost"", ""line_type"": ""tax_component"", ""page_number"": ""1"", ""row_index"": ""10"", ""table_index"": ""1""}, {""amount_inr"": 30554286, ""amount_text"": ""3,05,54,286"", ""document_id"": ""mscl_doc_0c2300569b83a0da"", ""label_text"": ""Escalation and Tender Premium @10%"", ""line_type"": ""tender_premium"", ""page_number"": ""1"", ""row_index"": ""11"", ""table_index"": ""1""}, {""amount_inr"": 47410, ""amount_text"": ""47,410"", ""document_id"": ""mscl_doc_0c2300569b83a0da"", ""label_text"": ""Miscellaneous and Rounding off"", ""line_type"": ""misc_component"", ""page_number"": ""1"", ""row_index"": ""13"", ""table_index"": ""1""}, {""amount_inr"": 54159, ""amount_text"": ""54,159"", ""document_id"": ""mscl_doc_0c2300569b83a0da"", ""label_text"": ""64.00 KSRB15-3.8 : Providing 18mm thick cement plaster in single coat with cement mortar 1:4, to brick masonry including rounding off corners wherever required smooth rendering, : Providing and removing scaffolding, including cost of materials... Sqm 187.92 288.20 54,159"", ""line_type"": ""misc_component"", ""page_number"": ""10"", ""row_index"": ""6"", ""table_index"": ""10""}]",397900000.0,Grand Total,mscl_doc_0c2300569b83a0da,Best total is selected from sampled BOQ total lines; it is not a full BOQ reconciliation.
mscl_project_82c1fa287d154e3b,Development of Kadri Park,1,6,[],[],"[{""amount_inr"": 300, ""amount_text"": ""300.3"", ""document_id"": ""mscl_doc_47a9ff6d8555fac9"", ""label_text"": ""9 KSRB15-3.11 : Providing 20mm thick cement plaster in single coat with cement mortar 1:4, to stone masonry / concrete surface including rounding off corners wherever required smooth rendering, : Providing and removing scaffolding, includi... Sqm 5220"", ""line_type"": ""misc_component"", ""page_number"": ""1"", ""row_index"": ""10"", ""table_index"": ""1""}, {""amount_inr"": 260, ""amount_text"": ""259.6"", ""document_id"": ""mscl_doc_47a9ff6d8555fac9"", ""label_text"": ""32 KSRB15-3-13 : Providing 12mm thick cement plaster in single coat with cement mortar 1:3, to ceiling including rounding off corners wherever required smooth rendering, : Providing and removing scaffolding, including cost of materials, lab... Sqm 19.2"", ""line_type"": ""misc_component"", ""page_number"": ""3"", ""row_index"": ""11"", ""table_index"": ""3""}, {""amount_inr"": 51, ""amount_text"": ""50.6"", ""document_id"": ""mscl_doc_47a9ff6d8555fac9"", ""label_text"": ""53 KSRRB M300- 2.1. Grassing with Doobs grass including watering and maintenance of the lawn for 30 days or more till the grass forma a thick lawn free from weeds anfd fit for moving including supplying good earth if needed complete as per... Sqm 1500"", ""line_type"": ""maintenance_component"", ""page_number"": ""5"", ""row_index"": ""7"", ""table_index"": ""5""}, {""amount_inr"": 4000, ""amount_text"": ""4000"", ""document_id"": ""mscl_doc_47a9ff6d8555fac9"", ""label_text"": ""84 DRIP & ACCESSORIES:Supply,Fixing & commissioning of 1.5\"" Large Capacity Y Filters for submain filteration Have High Flow & Low Maintenance With a Solid Build,Maximum Flow Up to 110 gpm (25m³/hr), Maximum Pressure 116 psi (8 bar),Maximum... Nos 5"", ""line_type"": ""maintenance_component"", ""page_number"": ""6"", ""row_index"": ""17"", ""table_index"": ""6""}, {""amount_inr"": 2500, ""amount_text"": ""2500"", ""document_id"": ""mscl_doc_47a9ff6d8555fac9"", ""label_text"": ""85 DRIP & ACCESSORIES: Supply,Fixing & commissioning of 1\"" Large Capacity Y Filters for submain filteration Have High Flow & Low Maintenance With a Solid Build,Maximum Flow Up to 110 gpm (25m³/hr), Maximum Pressure 116 psi (8 bar),Maximum T... Nos 12"", ""line_type"": ""maintenance_component"", ""page_number"": ""6"", ""row_index"": ""18"", ""table_index"": ""6""}, {""amount_inr"": 1, ""amount_text"": ""Automation Equipments:Submission of Shop drawing, As built drawing, Handing over documents, Training for maintenance team- 1 week after commissioning of the system and including Supervision, Transportation charges"", ""document_id"": ""mscl_doc_47a9ff6d8555fac9"", ""label_text"": ""113 Automation Equipments:Submission of Shop drawing, As built drawing, Handing over documents, Training for maintenance team- 1 week after commissioning of the system and including Supervision, Transportation charges Ls"", ""line_type"": ""maintenance_component"", ""page_number"": ""8"", ""row_index"": ""20"", ""table_index"": ""8""}]",,,,Best total is selected from sampled BOQ total lines; it is not a full BOQ reconciliation.
mscl_project_aeada954e2b08803,Smart Road 4,1,17,"[{""amount_inr"": 491777000, ""amount_text"": ""49,17,77,000"", ""document_id"": ""mscl_doc_b3f4ed039940723d"", ""label_text"": ""Grand Total"", ""line_type"": ""grand_total"", ""page_number"": ""1"", ""row_index"": ""17"", ""table_index"": ""1""}]","[{""amount_inr"": 377839069, ""amount_text"": ""37,78,39,069"", ""document_id"": ""mscl_doc_b3f4ed039940723d"", ""label_text"": ""Construction Cost Sub Total"", ""line_type"": ""subtotal"", ""page_number"": ""1"", ""row_index"": ""5"", ""table_index"": ""1""}, {""amount_inr"": 491777000, ""amount_text"": ""49,17,77,000"", ""document_id"": ""mscl_doc_b3f4ed039940723d"", ""label_text"": ""Grand Total"", ""line_type"": ""grand_total"", ""page_number"": ""1"", ""row_index"": ""17"", ""table_index"": ""1""}]","[{""amount_inr"": 30879529, ""amount_text"": ""3,08,79,529"", ""document_id"": ""mscl_doc_b3f4ed039940723d"", ""label_text"": ""GST @ 12% on SOR Base Items -Constrction Cost"", ""line_type"": ""tax_component"", ""page_number"": ""1"", ""row_index"": ""6"", ""table_index"": ""1""}, {""amount_inr"": 17522007, ""amount_text"": ""1,75,22,007"", ""document_id"": ""mscl_doc_b3f4ed039940723d"", ""label_text"": ""GST @ 18% on Market Rate Items -Constrction Cost"", ""line_type"": ""tax_component"", ""page_number"": ""1"", ""row_index"": ""7"", ""table_index"": ""1""}, {""amount_inr"": 2813765, ""amount_text"": ""28,13,765"", ""document_id"": ""mscl_doc_b3f4ed039940723d"", ""label_text"": ""Provision for Third Party Damages and Maintenance at 1 st Year(DLP)"", ""line_type"": ""maintenance_component"", ""page_number"": ""1"", ""row_index"": ""8"", ""table_index"": ""1""}, {""amount_inr"": 184846, ""amount_text"": ""1,84,846"", ""document_id"": ""mscl_doc_b3f4ed039940723d"", ""label_text"": ""GST @12% on DLP Cost on SOR Base Items"", ""line_type"": ""tax_component"", ""page_number"": ""1"", ""row_index"": ""9"", ""table_index"": ""1""}, {""amount_inr"": 119560, ""amount_text"": ""1,19,560"", ""document_id"": ""mscl_doc_b3f4ed039940723d"", ""label_text"": ""GST @18% on DLP Cost on Market Base Items"", ""line_type"": ""tax_component"", ""page_number"": ""1"", ""row_index"": ""10"", ""table_index"": ""1""}, {""amount_inr"": 11969865, ""amount_text"": ""1,19,69,865"", ""document_id"": ""mscl_doc_b3f4ed039940723d"", ""label_text"": ""Maintenance Cost of 2nd,3rd and 4th Year"", ""line_type"": ""maintenance_component"", ""page_number"": ""1"", ""row_index"": ""11"", ""table_index"": ""1""}, {""amount_inr"": 908101, ""amount_text"": ""9,08,101"", ""document_id"": ""mscl_doc_b3f4ed039940723d"", ""label_text"": ""GST @12% on Maintenanace Cost of SOR Base Item"", ""line_type"": ""tax_component"", ""page_number"": ""1"", ""row_index"": ""12"", ""table_index"": ""1""}, {""amount_inr"": 408122, ""amount_text"": ""4,08,122"", ""document_id"": ""mscl_doc_b3f4ed039940723d"", ""label_text"": ""GST @18% on Maintenance Cost on Market Base Items"", ""line_type"": ""tax_component"", ""page_number"": ""1"", ""row_index"": ""13"", ""table_index"": ""1""}, {""amount_inr"": 37783907, ""amount_text"": ""3,77,83,907"", ""document_id"": ""mscl_doc_b3f4ed039940723d"", ""label_text"": ""Escalation and Tender Premium at 10%"", ""line_type"": ""tender_premium"", ""page_number"": ""1"", ""row_index"": ""14"", ""table_index"": ""1""}, {""amount_inr"": 13057, ""amount_text"": ""13,057"", ""document_id"": ""mscl_doc_b3f4ed039940723d"", ""label_text"": ""Miscellaneous and Rounding off"", ""line_type"": ""misc_component"", ""page_number"": ""1"", ""row_index"": ""16"", ""table_index"": ""1""}, {""amount_inr"": 1962992, ""amount_text"": ""19,62,992"", ""document_id"": ""mscl_doc_b3f4ed039940723d"", ""label_text"": ""4.00 KSRRBM200-13.1.Dismantlingofexistingstructureslikeculverts, bridges, retaining walls and other structure comprising of masonry, cement concrete, wood work, steel work, including T&P and scaffolding wherever necessary, sorting the dismant... Cum 4575.74 429.00 19,62,992"", ""line_type"": ""tax_component"", ""page_number"": ""2"", ""row_index"": ""5"", ""table_index"": ""2""}, {""amount_inr"": 21864, ""amount_text"": ""21,864"", ""document_id"": ""mscl_doc_b3f4ed039940723d"", ""label_text"": ""5.00 KSRRBM200-17.2.Dismantlingofexistingstructureslikeculverts, bridges, retaining walls and other structure comprising of masonry, cement concrete, wood work, steel work, including T&P and scaffolding wherever necessary, sorting the dismant... MT 10.50 2082.30 21,864"", ""line_type"": ""tax_component"", ""page_number"": ""2"", ""row_index"": ""6"", ""table_index"": ""2""}, {""amount_inr"": 1592719, ""amount_text"": ""15,92,719"", ""document_id"": ""mscl_doc_b3f4ed039940723d"", ""label_text"": ""7.00 KSRRB300-46.Scarifyingstonemetalcrust50mmto100mmthick by road roller with scarifier along with 20mm premix carpet / surface dressingandstackingofoldserviceablematerialsincludingcostofall labour charges, HOM of machinaries complete as per... Sqm 37126.32 42.90 15,92,719"", ""line_type"": ""tax_component"", ""page_number"": ""2"", ""row_index"": ""8"", ""table_index"": ""2""}, {""amount_inr"": 245629, ""amount_text"": ""2,45,629"", ""document_id"": ""mscl_doc_b3f4ed039940723d"", ""label_text"": ""8.00 KSRRBM200-12.1.Dismantlingofexistingstructureslikeculverts, bridges, retaining walls and other structure comprising of masonary, cementconcrete,woodwork,steelwork,includingT&Pandscaffolding wherever necessary, sorting the dismantled mate... Cum 636.18 386.10 2,45,629"", ""line_type"": ""tax_component"", ""page_number"": ""2"", ""row_index"": ""9"", ""table_index"": ""2""}, {""amount_inr"": 26146, ""amount_text"": ""26,146"", ""document_id"": ""mscl_doc_b3f4ed039940723d"", ""label_text"": ""60.00 KSRB15-3.8 : Providing 18mm thick cement plaster in single coat with cement mortar 1:4, to brick masonry including rounding off corners wherever required smooth rendering, : Providing and removing scaffolding, including cost of materials... Sqm 90.72 288.20 26,146"", ""line_type"": ""misc_component"", ""page_number"": ""12"", ""row_index"": ""2"", ""table_index"": ""12""}]",491777000.0,Grand Total,mscl_doc_b3f4ed039940723d,Best total is selected from sampled BOQ total lines; it is not a full BOQ reconciliation.
mscl_project_b6c2f9b5ed0ab8bd,LED Light in Govt. Buildings,1,3,"[{""amount_inr"": 20047496, ""amount_text"": ""20047495.84"", ""document_id"": ""mscl_doc_79185b91aa03160a_child_3c8e99f065a2e99f"", ""label_text"": ""Grand Total"", ""line_type"": ""grand_total"", ""page_number"": ""4"", ""row_index"": ""13"", ""table_index"": ""4""}, {""amount_inr"": 20050000, ""amount_text"": ""20050000"", ""document_id"": ""mscl_doc_79185b91aa03160a_child_3c8e99f065a2e99f"", ""label_text"": ""Grand Total"", ""line_type"": ""grand_total"", ""page_number"": ""4"", ""row_index"": ""15"", ""table_index"": ""4""}]","[{""amount_inr"": 20047496, ""amount_text"": ""20047495.84"", ""document_id"": ""mscl_doc_79185b91aa03160a_child_3c8e99f065a2e99f"", ""label_text"": ""Grand Total"", ""line_type"": ""grand_total"", ""page_number"": ""4"", ""row_index"": ""13"", ""table_index"": ""4""}, {""amount_inr"": 20050000, ""amount_text"": ""20050000"", ""document_id"": ""mscl_doc_79185b91aa03160a_child_3c8e99f065a2e99f"", ""label_text"": ""Grand Total"", ""line_type"": ""grand_total"", ""page_number"": ""4"", ""row_index"": ""15"", ""table_index"": ""4""}]","[{""amount_inr"": 849470, ""amount_text"": ""8,49,470"", ""document_id"": ""mscl_doc_79185b91aa03160a_child_3c8e99f065a2e99f"", ""label_text"": ""Tender premium @5%"", ""line_type"": ""tender_premium"", ""page_number"": ""4"", ""row_index"": ""12"", ""table_index"": ""4""}]",20050000.0,Grand Total,mscl_doc_79185b91aa03160a_child_3c8e99f065a2e99f,Best total is selected from sampled BOQ total lines; it is not a full BOQ reconciliation.
mscl_project_bfe3749c86e504aa,Smart Road 1,2,12,"[{""amount_inr"": 75600000, ""amount_text"": ""7 ,56,00,000"", ""document_id"": ""mscl_doc_700925c619509aca"", ""label_text"": ""Grand Total"", ""line_type"": ""grand_total"", ""page_number"": ""1"", ""row_index"": ""13"", ""table_index"": ""1""}, {""amount_inr"": 58442000, ""amount_text"": ""5 ,84,42,000"", ""document_id"": ""mscl_doc_2c3b485d21f74bc8"", ""label_text"": ""Grand Total 5 ,84,42,000"", ""line_type"": ""grand_total"", ""page_number"": ""9"", ""row_index"": ""14"", ""table_index"": ""9""}]","[{""amount_inr"": 58442000, ""amount_text"": ""5,84,42,000"", ""document_id"": ""mscl_doc_700925c619509aca"", ""label_text"": ""Sub Total"", ""line_type"": ""subtotal"", ""page_number"": ""1"", ""row_index"": ""8"", ""table_index"": ""1""}, {""amount_inr"": 75600000, ""amount_text"": ""7 ,56,00,000"", ""document_id"": ""mscl_doc_700925c619509aca"", ""label_text"": ""Grand Total"", ""line_type"": ""grand_total"", ""page_number"": ""1"", ""row_index"": ""13"", ""table_index"": ""1""}, {""amount_inr"": 1, ""amount_text"": ""0.82"", ""document_id"": ""mscl_doc_700925c619509aca"", ""label_text"": ""MT Sub Total A"", ""line_type"": ""subtotal"", ""page_number"": ""8"", ""row_index"": ""39"", ""table_index"": ""8""}, {""amount_inr"": 58442000, ""amount_text"": ""5 ,84,42,000"", ""document_id"": ""mscl_doc_2c3b485d21f74bc8"", ""label_text"": ""Grand Total 5 ,84,42,000"", ""line_type"": ""grand_total"", ""page_number"": ""9"", ""row_index"": ""14"", ""table_index"": ""9""}]","[{""amount_inr"": 7013040, ""amount_text"": ""70,13,040"", ""document_id"": ""mscl_doc_700925c619509aca"", ""label_text"": ""Add Amount for Taxes as applicable"", ""line_type"": ""tax_component"", ""page_number"": ""1"", ""row_index"": ""10"", ""table_index"": ""1""}, {""amount_inr"": 5844200, ""amount_text"": ""58,44,200"", ""document_id"": ""mscl_doc_700925c619509aca"", ""label_text"": ""Tender Premium @ 10%"", ""line_type"": ""tender_premium"", ""page_number"": ""1"", ""row_index"": ""11"", ""table_index"": ""1""}, {""amount_inr"": 2547500, ""amount_text"": ""25,47,500"", ""document_id"": ""mscl_doc_700925c619509aca"", ""label_text"": ""For Periodic maintenance of lawn,painting etc. complete & Misc.Work"", ""line_type"": ""maintenance_component"", ""page_number"": ""1"", ""row_index"": ""12"", ""table_index"": ""1""}, {""amount_inr"": 900000, ""amount_text"": ""9,00,000"", ""document_id"": ""mscl_doc_700925c619509aca"", ""label_text"": ""29.00 Providing and Installing Waste water treatment and recycling unit for each E-Toilet: Bio digester tank suitable for maintenance free processing the soil waste with 2000 litre capacity, made of FRP. The bio digester shall be of anaerobic... Nos. 6.00 150000.00 9,00,000"", ""line_type"": ""maintenance_component"", ""page_number"": ""6"", ""row_index"": ""8"", ""table_index"": ""6""}, {""amount_inr"": 21554, ""amount_text"": ""21554"", ""document_id"": ""mscl_doc_2c3b485d21f74bc8"", ""label_text"": ""30.0 Providing 18mm thick cement plaster in single coat with cement mortar 1:4, to brick masonry including rounding off corners wherever required smooth rendering, : Providing and removing scaffolding, including cost of materials, labour, cur... Sqm 87.08 247.52 21554"", ""line_type"": ""misc_component"", ""page_number"": ""3"", ""row_index"": ""4"", ""table_index"": ""3""}, {""amount_inr"": 900000, ""amount_text"": ""900000"", ""document_id"": ""mscl_doc_2c3b485d21f74bc8"", ""label_text"": ""46.0 Providing and Installing Waste water treatment and recycling unit for each E- Toilet: Bio digester tank suitable for maintenance free processing the soil waste with 2000 litre capacity, made of FRP. The bio digester shall be of anaerobic... Nos. 6.00 150000 900000"", ""line_type"": ""maintenance_component"", ""page_number"": ""5"", ""row_index"": ""4"", ""table_index"": ""5""}, {""amount_inr"": 22000, ""amount_text"": ""22000"", ""document_id"": ""mscl_doc_2c3b485d21f74bc8"", ""label_text"": ""84.0 Chemical Earthing for grounding,conduits,IC cut outs and otherequipmentson the mter boardby using copper /SS rod with earth enhancing backfill compound which is non corrosive ,thermally,conductive,potential,to permissible,limits,superior... Kit 4.00 5500.00 22000"", ""line_type"": ""misc_component"", ""page_number"": ""8"", ""row_index"": ""6"", ""table_index"": ""8""}, {""amount_inr"": 22523, ""amount_text"": ""22523"", ""document_id"": ""mscl_doc_2c3b485d21f74bc8"", ""label_text"": ""85.0 Supply and running GI conductor for grounding and (along with other wires in conduits system of wiring) using necessasary suitable size clamps, nails, guttas/spacers etc-8 SWG Rmt 1155.00 19.50 22523"", ""line_type"": ""misc_component"", ""page_number"": ""8"", ""row_index"": ""7"", ""table_index"": ""8""}]",75600000.0,Grand Total,mscl_doc_700925c619509aca,Best total is selected from sampled BOQ total lines; it is not a full BOQ reconciliation.
mscl_project_ebb19874b0a0a54b,Implementation of E-Smart School (Civil Infrastructure),1,12,"[{""amount_inr"": 114300000, ""amount_text"": ""11,43,00,000"", ""document_id"": ""mscl_doc_870a10dabe61a2f3"", ""label_text"": ""Grand Total"", ""line_type"": ""grand_total"", ""page_number"": ""1"", ""row_index"": ""20"", ""table_index"": ""1""}]","[{""amount_inr"": 92663392, ""amount_text"": ""9 ,26,63,392"", ""document_id"": ""mscl_doc_870a10dabe61a2f3"", ""label_text"": ""Total Cost"", ""line_type"": ""total_cost"", ""page_number"": ""1"", ""row_index"": ""13"", ""table_index"": ""1""}, {""amount_inr"": 114300000, ""amount_text"": ""11,43,00,000"", ""document_id"": ""mscl_doc_870a10dabe61a2f3"", ""label_text"": ""Grand Total"", ""line_type"": ""grand_total"", ""page_number"": ""1"", ""row_index"": ""20"", ""table_index"": ""1""}]","[{""amount_inr"": 4633170, ""amount_text"": ""46,33,170"", ""document_id"": ""mscl_doc_870a10dabe61a2f3"", ""label_text"": ""Add Tender Premium @ 5%(cid:10)"", ""line_type"": ""tender_premium"", ""page_number"": ""1"", ""row_index"": ""14"", ""table_index"": ""1""}, {""amount_inr"": 2779902, ""amount_text"": ""27,79,902"", ""document_id"": ""mscl_doc_870a10dabe61a2f3"", ""label_text"": ""Add Contingency @ 3%"", ""line_type"": ""contingency"", ""page_number"": ""1"", ""row_index"": ""15"", ""table_index"": ""1""}, {""amount_inr"": 9436791, ""amount_text"": ""94,36,791"", ""document_id"": ""mscl_doc_870a10dabe61a2f3"", ""label_text"": ""GST @ 12% on SOR & Non SOR (Building,Hardscape & Softscape)"", ""line_type"": ""tax_component"", ""page_number"": ""1"", ""row_index"": ""16"", ""table_index"": ""1""}, {""amount_inr"": 282125, ""amount_text"": ""2,82,125"", ""document_id"": ""mscl_doc_870a10dabe61a2f3"", ""label_text"": ""GST @ 12% on SOR (Plumbing Work)"", ""line_type"": ""tax_component"", ""page_number"": ""1"", ""row_index"": ""17"", ""table_index"": ""1""}, {""amount_inr"": 1111731, ""amount_text"": ""11,11,731"", ""document_id"": ""mscl_doc_870a10dabe61a2f3"", ""label_text"": ""GST @ 18% on Market Rate"", ""line_type"": ""tax_component"", ""page_number"": ""1"", ""row_index"": ""18"", ""table_index"": ""1""}, {""amount_inr"": 3392889, ""amount_text"": ""33,92,889"", ""document_id"": ""mscl_doc_870a10dabe61a2f3"", ""label_text"": ""Adminstrative charges,Miscellaneous cost including Architectural Paint,Balck Board Painting,Sports Equipments,Glass Work & Foldable Partition etc and rounding off (LS)"", ""line_type"": ""misc_component"", ""page_number"": ""1"", ""row_index"": ""19"", ""table_index"": ""1""}, {""amount_inr"": 1414185, ""amount_text"": ""14,14,185"", ""document_id"": ""mscl_doc_870a10dabe61a2f3"", ""label_text"": ""4 KSRB 15.3.10 Providing 20mm thick cement plaster in single coat with cement mortar 1:4, to stone masonry and concrete surface including rounding off corners wherever required smooth rendering, : Providing and removing scaffolding, includ... Sqm 4709.24 300.30"", ""line_type"": ""misc_component"", ""page_number"": ""2"", ""row_index"": ""7"", ""table_index"": ""2""}, {""amount_inr"": 213556, ""amount_text"": ""2,13,556"", ""document_id"": ""mscl_doc_870a10dabe61a2f3"", ""label_text"": ""42 KSRRB M300- Maintenance of lawns with fine grassing for the first year KSRRB M300-6. Maintenance of lawns with fine grassing for the first year including watering etc complete as per specifications. MORTH Specification No. 307. PWD SOR 1... Sqm 2110.24 101.20"", ""line_type"": ""maintenance_component"", ""page_number"": ""6"", ""row_index"": ""4"", ""table_index"": ""6""}, {""amount_inr"": 110000, ""amount_text"": ""1,10,000"", ""document_id"": ""mscl_doc_870a10dabe61a2f3"", ""label_text"": ""87 Chemical Earthing for grounding,conduits,IC cut outs and otherequipmentson the mter boardby using copper /SS rod with earth enhancing backfill compound which is non corrosive ,thermally,conductive,potential,to permissible,limits,superior... Kit 20.00 5,500.00"", ""line_type"": ""misc_component"", ""page_number"": ""10"", ""row_index"": ""10"", ""table_index"": ""10""}, {""amount_inr"": 15600, ""amount_text"": ""15,600"", ""document_id"": ""mscl_doc_870a10dabe61a2f3"", ""label_text"": ""88 Supply and running GI conductor for grounding and (along with other wires in conduits system of wiring) using necessasary suitable size clamps, nails, guttas/spacers etc-8 SWG (Ref Electrical SOR Sl No.7.22.3) Rmt 800.00 19.50"", ""line_type"": ""misc_component"", ""page_number"": ""10"", ""row_index"": ""11"", ""table_index"": ""10""}]",114300000.0,Grand Total,mscl_doc_870a10dabe61a2f3,Best total is selected from sampled BOQ total lines; it is not a full BOQ reconciliation.
mscl_project_ebcb7dbf7feeaf21,Command and Control Center Stage I,2,2,[],[],"[{""amount_inr"": 47, ""amount_text"": ""47 months"", ""document_id"": ""mscl_doc_958ecdd0a44a0c54"", ""label_text"": ""6. Operations and Maintenance Phase 3, 4, 5 T + 26 0 Weeks 47 months O & M Reports + Audit Reports + (Re)Certifications SI + SPV"", ""line_type"": ""maintenance_component"", ""page_number"": ""29"", ""row_index"": ""19"", ""table_index"": ""10""}, {""amount_inr"": 12, ""amount_text"": ""TB-12"", ""document_id"": ""mscl_doc_8b5325187ac10653_child_c9f502d687dabc24"", ""label_text"": ""12 Tax Form As per the format specified in the Section 7.13"", ""line_type"": ""tax_component"", ""page_number"": ""19"", ""row_index"": ""15"", ""table_index"": ""12""}]",,,,Best total is selected from sampled BOQ total lines; it is not a full BOQ reconciliation.
mscl_project_f2a84dc69e6d7574,UGD 1,1,5,"[{""amount_inr"": 49950000, ""amount_text"": ""4 ,99,50,000"", ""document_id"": ""mscl_doc_f1ec125ff14003b9"", ""label_text"": ""Grand Total"", ""line_type"": ""grand_total"", ""page_number"": ""1"", ""row_index"": ""9"", ""table_index"": ""1""}]","[{""amount_inr"": 39118345, ""amount_text"": ""3 ,91,18,345"", ""document_id"": ""mscl_doc_f1ec125ff14003b9"", ""label_text"": ""Total Cost"", ""line_type"": ""total_cost"", ""page_number"": ""1"", ""row_index"": ""3"", ""table_index"": ""1""}, {""amount_inr"": 49950000, ""amount_text"": ""4 ,99,50,000"", ""document_id"": ""mscl_doc_f1ec125ff14003b9"", ""label_text"": ""Grand Total"", ""line_type"": ""grand_total"", ""page_number"": ""1"", ""row_index"": ""9"", ""table_index"": ""1""}]","[{""amount_inr"": 1173550, ""amount_text"": ""11,73,550"", ""document_id"": ""mscl_doc_f1ec125ff14003b9"", ""label_text"": ""Add Contingency @ 3%"", ""line_type"": ""contingency"", ""page_number"": ""1"", ""row_index"": ""4"", ""table_index"": ""1""}, {""amount_inr"": 1564734, ""amount_text"": ""15,64,734"", ""document_id"": ""mscl_doc_f1ec125ff14003b9"", ""label_text"": ""Add Amount for Taxes as applicable"", ""line_type"": ""tax_component"", ""page_number"": ""1"", ""row_index"": ""6"", ""table_index"": ""1""}, {""amount_inr"": 3911834, ""amount_text"": ""39,11,834"", ""document_id"": ""mscl_doc_f1ec125ff14003b9"", ""label_text"": ""Adminstrative charges & Tender Premium @ 10%"", ""line_type"": ""tender_premium"", ""page_number"": ""1"", ""row_index"": ""7"", ""table_index"": ""1""}]",49950000.0,Grand Total,mscl_doc_f1ec125ff14003b9,Best total is selected from sampled BOQ total lines; it is not a full BOQ reconciliation.
mscl_project_fc77aba281b00c6d,Upgradation of Integrated Asset Management and Urban Property Ownership Record (UPOR) Building,1,14,"[{""amount_inr"": 46600000, ""amount_text"": ""4,66,00,000"", ""document_id"": ""mscl_doc_f14e101d8f73c098"", ""label_text"": ""Grand Total"", ""line_type"": ""grand_total"", ""page_number"": ""1"", ""row_index"": ""21"", ""table_index"": ""1""}]","[{""amount_inr"": 37331096, ""amount_text"": ""3,73,31,096"", ""document_id"": ""mscl_doc_f14e101d8f73c098"", ""label_text"": ""Construction Cost Sub Total"", ""line_type"": ""subtotal"", ""page_number"": ""1"", ""row_index"": ""11"", ""table_index"": ""1""}, {""amount_inr"": 46600000, ""amount_text"": ""4,66,00,000"", ""document_id"": ""mscl_doc_f14e101d8f73c098"", ""label_text"": ""Grand Total"", ""line_type"": ""grand_total"", ""page_number"": ""1"", ""row_index"": ""21"", ""table_index"": ""1""}]","[{""amount_inr"": 4126255, ""amount_text"": ""41,26,255"", ""document_id"": ""mscl_doc_f14e101d8f73c098"", ""label_text"": ""GST @ 12% on Construction Cost(Electrical Cost Excluded)"", ""line_type"": ""tax_component"", ""page_number"": ""1"", ""row_index"": ""12"", ""table_index"": ""1""}, {""amount_inr"": 16920, ""amount_text"": ""16,920"", ""document_id"": ""mscl_doc_f14e101d8f73c098"", ""label_text"": ""GST @12% on O and M Cost (Excluding Electrical Cost)"", ""line_type"": ""tax_component"", ""page_number"": ""1"", ""row_index"": ""17"", ""table_index"": ""1""}, {""amount_inr"": 3733110, ""amount_text"": ""37,33,110"", ""document_id"": ""mscl_doc_f14e101d8f73c098"", ""label_text"": ""Escalation and Tender Premium @10%"", ""line_type"": ""tender_premium"", ""page_number"": ""1"", ""row_index"": ""18"", ""table_index"": ""1""}, {""amount_inr"": 63361, ""amount_text"": ""63,361"", ""document_id"": ""mscl_doc_f14e101d8f73c098"", ""label_text"": ""Miscellaneous and Rounding off"", ""line_type"": ""misc_component"", ""page_number"": ""1"", ""row_index"": ""20"", ""table_index"": ""1""}, {""amount_inr"": 38409, ""amount_text"": ""38,409"", ""document_id"": ""mscl_doc_f14e101d8f73c098"", ""label_text"": ""66.00 KSRB15-3 : Providing 15mm thick cement plaster in single coat with cement mortar to brick masonry including rounding off corners wherever required srnooth rendering, Providing and removing scaffolding, including cost of materials, labour... Sqm 157.29 244.20 38,409"", ""line_type"": ""misc_component"", ""page_number"": ""11"", ""row_index"": ""4"", ""table_index"": ""10""}, {""amount_inr"": 28441, ""amount_text"": ""28,441"", ""document_id"": ""mscl_doc_f14e101d8f73c098"", ""label_text"": ""67.00 KSRB15-3 : Providing 15mm thick cement plaster in single coat with cement mortar to brick masonry including rounding off corners wherever required srnooth rendering, Providing and removing scaffolding, including cost of materials, labour... Sqm 113.40 250.80 28,441"", ""line_type"": ""misc_component"", ""page_number"": ""11"", ""row_index"": ""5"", ""table_index"": ""10""}, {""amount_inr"": 88875, ""amount_text"": ""88,875"", ""document_id"": ""mscl_doc_f14e101d8f73c098"", ""label_text"": ""68.00 KSRB15-3 : Providing 15mm thick cement plaster in single coat with cement mortar to brick masonry including rounding off corners wherever required srnooth rendering, Providing and removing scaffolding, including cost of materials, labour... Sqm 345.28 257.40 88,875"", ""line_type"": ""misc_component"", ""page_number"": ""11"", ""row_index"": ""6"", ""table_index"": ""10""}, {""amount_inr"": 23380, ""amount_text"": ""23,380"", ""document_id"": ""mscl_doc_f14e101d8f73c098"", ""label_text"": ""69.00 KSRB15-3 : Providing 15mm thick cement plaster in single coat with cement mortar to brick masonry including rounding off corners wherever required srnooth rendering, Providing and removing scaffolding, including cost of materials, labour... Sqm 88.56 264.00 23,380"", ""line_type"": ""misc_component"", ""page_number"": ""11"", ""row_index"": ""7"", ""table_index"": ""10""}, {""amount_inr"": 25109, ""amount_text"": ""25,109"", ""document_id"": ""mscl_doc_f14e101d8f73c098"", ""label_text"": ""77.00 KSRB15-3 : Providing 12mm thick cement plaster in single coat with cement mortar, to ceiling including rounding off corners wherever required smooth rendering, including providing and removing scaffolding, cost of materials, labour, curi... Sqm 101.00 248.60 25,109"", ""line_type"": ""misc_component"", ""page_number"": ""12"", ""row_index"": ""6"", ""table_index"": ""11""}, {""amount_inr"": 25010, ""amount_text"": ""25,010"", ""document_id"": ""mscl_doc_f14e101d8f73c098"", ""label_text"": ""78.00 KSRB15-3 : Providing 12mm thick cement plaster in single coat with cement mortar, to ceiling including rounding off corners wherever required smooth rendering, including providing and removing scaffolding, cost of materials, labour, curi... Sqm 98.00 255.20 25,010"", ""line_type"": ""misc_component"", ""page_number"": ""12"", ""row_index"": ""7"", ""table_index"": ""11""}, {""amount_inr"": 73304, ""amount_text"": ""73,304"", ""document_id"": ""mscl_doc_f14e101d8f73c098"", ""label_text"": ""79.00 KSRB15-3 : Providing 12mm thick cement plaster in single coat with cement mortar, to ceiling including rounding off corners wherever required smooth rendering, including providing and removing scaffolding, cost of materials, labour, curi... Sqm 280.00 261.80 73,304"", ""line_type"": ""misc_component"", ""page_number"": ""12"", ""row_index"": ""8"", ""table_index"": ""11""}, {""amount_inr"": 367835, ""amount_text"": ""3,67,835"", ""document_id"": ""mscl_doc_f14e101d8f73c098"", ""label_text"": ""80.00 KSRB15-3 : Providing 18mm thick cement plaster in single coat with cement mortar to brick masonry including rounding off corners wherever required smooth rendering, Providing and removing scaffolding, including cost of materials, labour,... Sqm 1276.32 288.20 3,67,835"", ""line_type"": ""misc_component"", ""page_number"": ""12"", ""row_index"": ""9"", ""table_index"": ""11""}]",46600000.0,Grand Total,mscl_doc_f14e101d8f73c098,Best total is selected from sampled BOQ total lines; it is not a full BOQ reconciliation.
mscl_project_fe66f2c90356ef06,Pedestrian Plaza,2,15,"[{""amount_inr"": 63350000, ""amount_text"": ""6,33,50,000"", ""document_id"": ""mscl_doc_eb2fa93dfbabcf6e"", ""label_text"": ""Grand Total"", ""line_type"": ""grand_total"", ""page_number"": ""1"", ""row_index"": ""14"", ""table_index"": ""1""}, {""amount_inr"": 63350000, ""amount_text"": ""6,33,50,000"", ""document_id"": ""mscl_doc_1041c4b480ffa325"", ""label_text"": ""Grand Total"", ""line_type"": ""grand_total"", ""page_number"": ""17"", ""row_index"": ""14"", ""table_index"": ""2""}]","[{""amount_inr"": 46921479, ""amount_text"": ""4,69,21,479"", ""document_id"": ""mscl_doc_eb2fa93dfbabcf6e"", ""label_text"": ""Sub Total"", ""line_type"": ""subtotal"", ""page_number"": ""1"", ""row_index"": ""5"", ""table_index"": ""1""}, {""amount_inr"": 63350000, ""amount_text"": ""6,33,50,000"", ""document_id"": ""mscl_doc_eb2fa93dfbabcf6e"", ""label_text"": ""Grand Total"", ""line_type"": ""grand_total"", ""page_number"": ""1"", ""row_index"": ""14"", ""table_index"": ""1""}, {""amount_inr"": 46921479, ""amount_text"": ""4,69,21,479"", ""document_id"": ""mscl_doc_1041c4b480ffa325"", ""label_text"": ""Sub Total"", ""line_type"": ""subtotal"", ""page_number"": ""17"", ""row_index"": ""5"", ""table_index"": ""2""}, {""amount_inr"": 63350000, ""amount_text"": ""6,33,50,000"", ""document_id"": ""mscl_doc_1041c4b480ffa325"", ""label_text"": ""Grand Total"", ""line_type"": ""grand_total"", ""page_number"": ""17"", ""row_index"": ""14"", ""table_index"": ""2""}]","[{""amount_inr"": 941759, ""amount_text"": ""9,41,759"", ""document_id"": ""mscl_doc_eb2fa93dfbabcf6e"", ""label_text"": ""3 Electrical work (Including GST)"", ""line_type"": ""tax_component"", ""page_number"": ""1"", ""row_index"": ""4"", ""table_index"": ""1""}, {""amount_inr"": 3588677, ""amount_text"": ""35,88,677"", ""document_id"": ""mscl_doc_eb2fa93dfbabcf6e"", ""label_text"": ""Maintenance Cost For 2nd,3rd and 4th Year"", ""line_type"": ""maintenance_component"", ""page_number"": ""1"", ""row_index"": ""7"", ""table_index"": ""1""}, {""amount_inr"": 5517566, ""amount_text"": ""55,17,566"", ""document_id"": ""mscl_doc_eb2fa93dfbabcf6e"", ""label_text"": ""GST @12% on Sl No.1 & 2"", ""line_type"": ""tax_component"", ""page_number"": ""1"", ""row_index"": ""9"", ""table_index"": ""1""}, {""amount_inr"": 82904, ""amount_text"": "",82,904"", ""document_id"": ""mscl_doc_eb2fa93dfbabcf6e"", ""label_text"": ""GST @12% on Provision for Third Party Damages at 1 st Year(DLP)"", ""line_type"": ""tax_component"", ""page_number"": ""1"", ""row_index"": ""10"", ""table_index"": ""1""}, {""amount_inr"": 421800, ""amount_text"": ""4,21,800"", ""document_id"": ""mscl_doc_eb2fa93dfbabcf6e"", ""label_text"": ""GST @12% on Maintenance Cost For 2nd,3rd and 4th Year"", ""line_type"": ""tax_component"", ""page_number"": ""1"", ""row_index"": ""11"", ""table_index"": ""1""}, {""amount_inr"": 21986, ""amount_text"": ""21,986"", ""document_id"": ""mscl_doc_eb2fa93dfbabcf6e"", ""label_text"": ""31 KSRB 15.3: Providing 12mm thick cement plaster in single coat with cement mortar to brick masonry including rounding off corners wherever required smooth rendering, Providing and removing scaffolding, including cost of materials, labour,... Sqm 97.50 225.50 21,986"", ""line_type"": ""misc_component"", ""page_number"": ""6"", ""row_index"": ""7"", ""table_index"": ""6""}, {""amount_inr"": 941759, ""amount_text"": ""9,41,759"", ""document_id"": ""mscl_doc_1041c4b480ffa325"", ""label_text"": ""3 Electrical work (Including GST)"", ""line_type"": ""tax_component"", ""page_number"": ""17"", ""row_index"": ""4"", ""table_index"": ""2""}, {""amount_inr"": 3588677, ""amount_text"": ""35,88,677"", ""document_id"": ""mscl_doc_1041c4b480ffa325"", ""label_text"": ""Maintenance Cost For 2nd,3rd and 4th Year"", ""line_type"": ""maintenance_component"", ""page_number"": ""17"", ""row_index"": ""7"", ""table_index"": ""2""}, {""amount_inr"": 5517566, ""amount_text"": ""55,17,566"", ""document_id"": ""mscl_doc_1041c4b480ffa325"", ""label_text"": ""GST @12% on Sl No.1 & 2"", ""line_type"": ""tax_component"", ""page_number"": ""17"", ""row_index"": ""9"", ""table_index"": ""2""}, {""amount_inr"": 82904, ""amount_text"": "",82,904"", ""document_id"": ""mscl_doc_1041c4b480ffa325"", ""label_text"": ""GST @12% on Provision for Third Party Damages at 1 st Year(DLP)"", ""line_type"": ""tax_component"", ""page_number"": ""17"", ""row_index"": ""10"", ""table_index"": ""2""}, {""amount_inr"": 421800, ""amount_text"": ""4,21,800"", ""document_id"": ""mscl_doc_1041c4b480ffa325"", ""label_text"": ""GST @12% on Maintenance Cost For 2nd,3rd and 4th Year"", ""line_type"": ""tax_component"", ""page_number"": ""17"", ""row_index"": ""11"", ""table_index"": ""2""}]",63350000.0,Grand Total,mscl_doc_eb2fa93dfbabcf6e,Best total is selected from sampled BOQ total lines; it is not a full BOQ reconciliation.
