source_record_id,source_title,source_url,opportunity_title,opportunity_kind,source_procurement_stage,official_status_normalized,tender_type,tender_category,estimated_cost_inr,official_project_cost_inr,boq_best_total_amount_inr,submission_deadline_date_iso,technical_opening_date_iso,bid_security_or_emd_inr,work_or_concession_period_text,official_award_closure_status,official_join_readiness,data_completeness_score,limitations,work_order_amount_inr,work_order_date,contract_completion_date,probable_completion_date,actual_completion_date,tender_status,present_status,verification_notes,best_total_amount_inr,best_total_label,best_total_document_id,boq_document_count,boq_total_fact_count,document_count,pdf_count,page_count,text_char_count,document_urls,event_count,first_event_date,last_event_date,event_types,public_party_lead_count,public_party_names,public_party_roles,closure_status,has_work_order_truth,has_completion_truth,has_award_identity_truth,has_contractor_or_successful_bidder_truth,cannot_claim,next_official_source_needed,promotion_decision,trusted_current_use,max_public_amount_inr,has_work_order_amount,has_actual_completion_date,has_public_party_lead,has_document_trail,public_party_names_text,dashboard_notes
mscl_project_index_ce95fc2226c87a35,List of Projects,https://mangalurusmartcity.net/contents/project-list-mscl.pdf,List of Projects,documented_project_without_tender_detail,public_project_pdf_index_link,,,,,,,,,,,,needs_manual_reference_review,8,Tender opportunity facts consolidate source-linked evidence; joined official work-order rows are not contractor/successful-bidder truth unless those fields are present.,,,,,,,,,,,,,,1.0,1.0,3.0,16909.0,['https://mangalurusmartcity.net/contents/project-list-mscl.pdf'],,,,,3.0,"['Centre for Development of Advanced Computing', 'Louis Berger Consulting Pvt Ltd', 'Wadia Techno Engineering Services Ltd']","['Smart City project management / technical consultant candidate', 'Smart City project management consultant candidate', 'agency particulars requested by legislature question']",,,,,,,,,,,False,False,True,False,Centre for Development of Advanced Computing; Louis Berger Consulting Pvt Ltd; Wadia Techno Engineering Services Ltd,
mscl_project_index_4d57bc9f2addf465,Project Catalogue,https://mangalurusmartcity.net/contents/project-catalogue.pdf,Project Catalogue,documented_project_without_tender_detail,public_project_pdf_index_link,,,,,,,,,,,,needs_manual_reference_review,8,Tender opportunity facts consolidate source-linked evidence; joined official work-order rows are not contractor/successful-bidder truth unless those fields are present.,,,,,,,,,,,,,,1.0,1.0,3.0,2746.0,['https://mangalurusmartcity.net/contents/project-catalogue.pdf'],,,,,,,,,,,,,,,,,,False,False,False,False,,
mscl_project_0200b990f5c757cc,Command Control Centre Stage II,https://mangalurusmartcity.net/project/36,Command Control Centre Stage II,official_project_status_without_tender_detail,ongoing_project_listing,ongoing,,,,,,,,,,no_promotable_official_award_row,needs_manual_reference_review,25,Tender opportunity facts consolidate source-linked evidence; joined official work-order rows are not contractor/successful-bidder truth unless those fields are present.,,,,,,,,,,,,,,,,,,,1.0,2026-06-05,2026-06-05,['official_status_observed'],,,,no_promotable_official_award_row,False,False,False,False,"Cannot claim verified contractor or successful bidder, award date, award amount, work-order date, work-order amount from the current release.","Add a lawful KPPP/eProc, MSCL, MCC, or Karnataka Legislature answer/export row for Command Control Centre Stage II with source URL, work-order or award date, amount, and contractor/successful-bidder fields.",do_not_promote_award_fields,"Use MSCL page status/cost, document, BOQ, SCM, and public lead evidence only as review context; do not promote to official award/work-order truth.",,False,False,False,False,,Verified winner is not available in this release.
mscl_project_0ec62aa9ef918d00,Connector Road from NH66 near Jeppu to Morgansgate Including construction of RUB,https://mangalurusmartcity.net/project/24,Connector Road from NH66 near Jeppu to Morgansgate Including construction of RUB,official_project_status_without_tender_detail,completed_project_listing,completed,,,,499500000.0,,,,,,no_promotable_official_award_row,needs_manual_reference_review,33,Tender opportunity facts consolidate source-linked evidence; joined official work-order rows are not contractor/successful-bidder truth unless those fields are present.,,,,,,,,,,,,,,1.0,1.0,3.0,30558.0,['https://mangalurusmartcity.net/contents/2515728.14887191-994752.672272598.pdf'],1.0,2026-06-05,2026-06-05,['official_status_observed'],,,,no_promotable_official_award_row,False,False,False,False,"Cannot claim verified contractor or successful bidder, award date, award amount, work-order date, work-order amount from the current release.","Add a lawful KPPP/eProc, MSCL, MCC, or Karnataka Legislature answer/export row for Connector Road from NH66 near Jeppu to Morgansgate Including construction of RUB with source URL, work-order or award date, amount, and contractor/successful-bidder fields.",do_not_promote_award_fields,"Use MSCL page status/cost, document, BOQ, SCM, and public lead evidence only as review context; do not promote to official award/work-order truth.",499500000.0,False,False,False,False,,Verified winner is not available in this release.
mscl_project_7fc037e25e418d05,Construction of Clock Tower,https://mangalurusmartcity.net/project/29,Construction of Clock Tower,official_project_status_without_tender_detail,completed_project_listing,completed,,,,7500000.0,,,,,,official_work_order_status_joined_contractor_gap,needs_manual_reference_review,50,Tender opportunity facts consolidate source-linked evidence; joined official work-order rows are not contractor/successful-bidder truth unless those fields are present.,7500000.0,2018-02-08,2018-02-08,,2019-09-30,completed,Completed,"Curated from KLA Council unstarred question 246, 14.09.2021 official PDF table as exposed by public web index; direct PDF download from this runtime timed out, so retain source URL and verify against PDF before legal use. Source table provides work order date and status, not contractor or successful-bidder identity.",,,,,,23.0,22.0,34.0,276083.0,"['https://mangalurusmartcity.net/contents/7484724.61359795-1460797.67076798.pdf', 'https://mangalurusmartcity.net/contents/9649236.20673327-1374334.34927822.pdf', 'https://mangalurusmartcity.net/contents/6103492.40531376-1048545.1792309.pdf', 'https://mangalurusmartcity.net/contents/6389827.85231891-606763.289563296.rar', 'https://mangalurusmartcity.net/contents/6389827.85231891-606763.289563296.rar#archive-entry=DWG-%2014-06-18/01-Site%20Plan.pdf', 'https://mangalurusmartcity.net/contents/6389827.85231891-606763.289563296.rar#archive-entry=DWG-%2014-06-18/02-Floor%20Plan.pdf']",1.0,2026-06-05,2026-06-05,['official_status_observed'],,,,official_work_order_status_joined_contractor_gap,True,True,False,False,"Cannot claim verified contractor or successful bidder, award date, award amount from the current release.","Add a lawful KPPP/eProc, MSCL, or MCC award-register/export row for Construction of Clock Tower that names the contractor/successful bidder and award amount/date.",promote_work_order_status_fields_only,Use joined official work-order/status fields as lifecycle evidence; do not use as contractor or successful-bidder truth.,7500000.0,True,True,False,True,,Verified winner is not available in this release.
mscl_project_706b1fa83545292f,Construction of Command Control Center Building- annexe to MCC Building,https://mangalurusmartcity.net/project/25,Construction of Command Control Center Building- annexe to MCC Building,official_project_status_without_tender_detail,completed_project_listing,completed,,,,,50000000.0,,,,,official_work_order_status_joined_contractor_gap,needs_manual_reference_review,42,Tender opportunity facts consolidate source-linked evidence; joined official work-order rows are not contractor/successful-bidder truth unless those fields are present.,42600000.0,2020-02-13,2021-02-12,2021-08-12,,work_order_issued_or_in_progress,Ongoing / terrace slab reinforcement in progress,"Curated from KLA Council unstarred question 246, 14.09.2021 official PDF table as exposed by public web index; direct PDF download from this runtime timed out, so retain source URL and verify against PDF before legal use. Source table provides work order date and status, not contractor or successful-bidder identity.",50000000.0,Grand Total,mscl_doc_90a7780293cada9a,2.0,10.0,8.0,7.0,11.0,1587065.0,"['https://mangalurusmartcity.net/contents/6305100.87418607-371877.577544894.pdf', 'https://mangalurusmartcity.net/contents/133941.811571802-161049.58085899.pdf', 'https://mangalurusmartcity.net/contents/2712995.84895046-468611.937304808.rar', 'https://mangalurusmartcity.net/contents/2712995.84895046-468611.937304808.rar#archive-entry=FIRST%20PLAN.pdf', 'https://mangalurusmartcity.net/contents/2712995.84895046-468611.937304808.rar#archive-entry=GROUND%20PLAN.pdf', 'https://mangalurusmartcity.net/contents/2712995.84895046-468611.937304808.rar#archive-entry=SECOND%20PLAN.pdf']",3.0,2017-02,2026-06-05,"['contextual_prior_award_candidate', 'official_status_observed']",,,,official_work_order_status_joined_contractor_gap,True,False,False,False,"Cannot claim verified contractor or successful bidder, award date, award amount from the current release.","Add a lawful KPPP/eProc, MSCL, or MCC award-register/export row for Construction of Command Control Center Building- annexe to MCC Building that names the contractor/successful bidder and award amount/date.",promote_work_order_status_fields_only,Use joined official work-order/status fields as lifecycle evidence; do not use as contractor or successful-bidder truth.,50000000.0,True,False,False,True,,Verified winner is not available in this release.
mscl_project_46b2d5141ca219f5,Construction of additional floor at existing building of Lady Goschen hospital at Mangaluru,https://mangalurusmartcity.net/project/26,Construction of additional floor at existing building of Lady Goschen hospital at Mangaluru,official_project_status_without_tender_detail,completed_project_listing,completed,,,,50000000.0,,,,,,official_work_order_status_joined_contractor_gap,needs_manual_reference_review,50,Tender opportunity facts consolidate source-linked evidence; joined official work-order rows are not contractor/successful-bidder truth unless those fields are present.,19300000.0,2020-06-24,2021-06-23,,2021-08-31,completed,Completed,"Curated from KLA Council unstarred question 246, 14.09.2021 official PDF table as exposed by public web index; direct PDF download from this runtime timed out, so retain source URL and verify against PDF before legal use. Source table provides work order date and status, not contractor or successful-bidder identity.",,,,,,,,,,,1.0,2026-06-05,2026-06-05,['official_status_observed'],,,,official_work_order_status_joined_contractor_gap,True,True,False,False,"Cannot claim verified contractor or successful bidder, award date, award amount from the current release.","Add a lawful KPPP/eProc, MSCL, or MCC award-register/export row for Construction of additional floor at existing building of Lady Goschen hospital at Mangaluru that names the contractor/successful bidder and award amount/date.",promote_work_order_status_fields_only,Use joined official work-order/status fields as lifecycle evidence; do not use as contractor or successful-bidder truth.,50000000.0,True,True,False,False,,Verified winner is not available in this release.
mscl_project_58bab29edb7010f7,Conversion of Streetlight to LED,https://mangalurusmartcity.net/project/33,Conversion of Streetlight to LED,official_project_status_without_tender_detail,completed_project_listing,ongoing,,,,626300000.0,,,,6950000.0,Operation and Maintenance period of 10 years (hereinafter referred to individually as the “Project”),official_work_order_status_joined_contractor_gap,needs_manual_reference_review,50,Tender opportunity facts consolidate source-linked evidence; joined official work-order rows are not contractor/successful-bidder truth unless those fields are present.,,2020-07-03,2021-10-24,2021-10-24,,work_order_issued_or_in_progress,LOA issued to the contractor on 03.07.2020; demonstration completed; contract agreement signed on 24.02.2021; ICE agreement signed; survey work in progress.,"Curated from KLA Council unstarred question 246, 14.09.2021 official PDF table as exposed by public web index; direct PDF download from this runtime timed out, so retain source URL and verify against PDF before legal use. Source table provides loa date in work order date column and status, not contractor or successful-bidder identity.",,,,,,4.0,3.0,9.0,873494.0,"['https://mangalurusmartcity.net/contents/1695526.47587635-1019173.69775531.rar', 'https://mangalurusmartcity.net/contents/1695526.47587635-1019173.69775531.rar#archive-entry=Final%20RFP/1.1.%20DCA%20final%20mlr.pdf', 'https://mangalurusmartcity.net/contents/1695526.47587635-1019173.69775531.rar#archive-entry=Final%20RFP/RFP%20final%20040119.pdf', 'https://mangalurusmartcity.net/contents/9299518.55880186-248114.577419297.pdf']",1.0,2026-06-05,2026-06-05,['official_status_observed'],2.0,"['Mangaluru Smart Lighting Private Limited', 'unnamed previous concessionaires and new consortium / SPV']","['LED streetlight PPP agency / maintenance lead', 'LED streetlight PPP concessionaire / consortium lead']",official_work_order_status_joined_contractor_gap,True,False,False,False,"Cannot claim verified contractor or successful bidder, award date, award amount, work-order amount from the current release.","Add a lawful KPPP/eProc, MSCL, or MCC award-register/export row for Conversion of Streetlight to LED that names the contractor/successful bidder and award amount/date.",promote_work_order_status_fields_only,Use joined official work-order/status fields as lifecycle evidence; do not use as contractor or successful-bidder truth.,626300000.0,False,False,True,True,Mangaluru Smart Lighting Private Limited; unnamed previous concessionaires and new consortium / SPV,Verified winner is not available in this release.
mscl_project_60e5d9030ee362e3,Development of Indoor Stadium,https://mangalurusmartcity.net/project/28,Development of Indoor Stadium,official_project_status_without_tender_detail,completed_project_listing,completed,,,,350000000.0,,,,,,no_promotable_official_award_row,needs_manual_reference_review,33,Tender opportunity facts consolidate source-linked evidence; joined official work-order rows are not contractor/successful-bidder truth unless those fields are present.,,,,,,,,,,,,,,1.0,1.0,3.0,137610.0,['https://mangalurusmartcity.net/contents/5266457.06280435-1472942.70447489.pdf'],1.0,2026-06-05,2026-06-05,['official_status_observed'],,,,no_promotable_official_award_row,False,False,False,False,"Cannot claim verified contractor or successful bidder, award date, award amount, work-order date, work-order amount from the current release.","Add a lawful KPPP/eProc, MSCL, MCC, or Karnataka Legislature answer/export row for Development of Indoor Stadium with source URL, work-order or award date, amount, and contractor/successful-bidder fields.",do_not_promote_award_fields,"Use MSCL page status/cost, document, BOQ, SCM, and public lead evidence only as review context; do not promote to official award/work-order truth.",350000000.0,False,False,False,False,,Verified winner is not available in this release.
mscl_project_82c1fa287d154e3b,Development of Kadri Park,https://mangalurusmartcity.net/project/17,Development of Kadri Park,official_project_status_without_tender_detail,completed_project_listing,completed,,,,,,,,,,official_work_order_status_joined_contractor_gap,needs_manual_reference_review,33,Tender opportunity facts consolidate source-linked evidence; joined official work-order rows are not contractor/successful-bidder truth unless those fields are present.,90700000.0,2020-02-18,2022-02-18,2022-02-17,,work_order_issued_or_in_progress,Ongoing / plaza and park works in progress,"Curated from KLA Council unstarred question 246, 14.09.2021 official PDF table as exposed by public web index; direct PDF download from this runtime timed out, so retain source URL and verify against PDF before legal use. Source table provides work order date and status, not contractor or successful-bidder identity.",,,,1.0,6.0,3.0,3.0,9.0,470362.0,"['https://mangalurusmartcity.net/contents/6427456.66039524-1465797.228353.pdf', 'https://mangalurusmartcity.net/contents/4217599.28773046-1406237.93030228.pdf', 'https://mangalurusmartcity.net/contents/3942124.56603633-1052039.23872065.pdf']",1.0,2026-06-05,2026-06-05,['official_status_observed'],,,,official_work_order_status_joined_contractor_gap,True,False,False,False,"Cannot claim verified contractor or successful bidder, award date, award amount from the current release.","Add a lawful KPPP/eProc, MSCL, or MCC award-register/export row for Development of Kadri Park that names the contractor/successful bidder and award amount/date.",promote_work_order_status_fields_only,Use joined official work-order/status fields as lifecycle evidence; do not use as contractor or successful-bidder truth.,90700000.0,True,False,False,True,,Verified winner is not available in this release.
mscl_project_ebb19874b0a0a54b,Implementation of E-Smart School (Civil Infrastructure),https://mangalurusmartcity.net/project/18,Implementation of E-Smart School (Civil Infrastructure),official_project_status_without_tender_detail,completed_project_listing,completed,,,,,114300000.0,,,,,official_work_order_status_joined_contractor_gap,needs_manual_reference_review,50,Tender opportunity facts consolidate source-linked evidence; joined official work-order rows are not contractor/successful-bidder truth unless those fields are present.,116200000.0,2019-08-21,2021-02-15,,2021-09-30,completed,Completed,"Curated from KLA Council unstarred question 246, 14.09.2021 official PDF table as exposed by public web index; direct PDF download from this runtime timed out, so retain source URL and verify against PDF before legal use. Source table provides work order date and status, not contractor or successful-bidder identity.",114300000.0,Grand Total,mscl_doc_870a10dabe61a2f3,1.0,12.0,24.0,22.0,26.0,2122881.0,"['https://mangalurusmartcity.net/contents/8932779.76612224-134710.26903769.pdf', 'https://mangalurusmartcity.net/contents/4065414.82734746-137709.013929048.pdf', 'https://mangalurusmartcity.net/contents/4204876.25720206-590457.028989811.rar', 'https://mangalurusmartcity.net/contents/4204876.25720206-590457.028989811.rar#archive-entry=E-SMART%20SCHOOL/3d%20Plan/1.65%20-%20PANDESHWAR%20PLAN%20UPDATED%20ON%2021-01-2019-Layout1.pdf', 'https://mangalurusmartcity.net/contents/4204876.25720206-590457.028989811.rar#archive-entry=E-SMART%20SCHOOL/3d%20Plan/1.66%20-%20GOVT.%20PRACTICING%20SCHOOL%20BANDAR_21.01.2019-Layout1.pdf', 'https://mangalurusmartcity.net/contents/4204876.25720206-590457.028989811.rar#archive-entry=E-SMART%20SCHOOL/3d%20Plan/1.67%20-%20Hoigebazar%20GHS-21-01-19-Layout1.pdf']",1.0,2026-06-05,2026-06-05,['official_status_observed'],,,,official_work_order_status_joined_contractor_gap,True,True,False,False,"Cannot claim verified contractor or successful bidder, award date, award amount from the current release.","Add a lawful KPPP/eProc, MSCL, or MCC award-register/export row for Implementation of E-Smart School (Civil Infrastructure) that names the contractor/successful bidder and award amount/date.",promote_work_order_status_fields_only,Use joined official work-order/status fields as lifecycle evidence; do not use as contractor or successful-bidder truth.,116200000.0,True,True,False,True,,Verified winner is not available in this release.
mscl_project_2a8926b376b2c786,Implementation of E-Smart School (ICT),https://mangalurusmartcity.net/project/4,Implementation of E-Smart School (ICT),official_project_status_without_tender_detail,completed_project_listing,completed,,,,,,,,,,official_work_order_status_joined_contractor_gap,needs_manual_reference_review,42,Tender opportunity facts consolidate source-linked evidence; joined official work-order rows are not contractor/successful-bidder truth unless those fields are present.,33300000.0,2020-02-14,2020-09-30,,2021-03-31,completed,Completed,"Curated from KLA Council unstarred question 246, 14.09.2021 official PDF table as exposed by public web index; direct PDF download from this runtime timed out, so retain source URL and verify against PDF before legal use. Source table provides work order date and status, not contractor or successful-bidder identity.",,,,,,2.0,2.0,5.0,186755.0,"['https://mangalurusmartcity.net/contents/477812.853864307-456591.502363089.pdf', 'https://mangalurusmartcity.net/contents/8470832.9702126-765242.68280777.pdf']",1.0,2026-06-05,2026-06-05,['official_status_observed'],,,,official_work_order_status_joined_contractor_gap,True,True,False,False,"Cannot claim verified contractor or successful bidder, award date, award amount from the current release.","Add a lawful KPPP/eProc, MSCL, or MCC award-register/export row for Implementation of E-Smart School (ICT) that names the contractor/successful bidder and award amount/date.",promote_work_order_status_fields_only,Use joined official work-order/status fields as lifecycle evidence; do not use as contractor or successful-bidder truth.,33300000.0,True,True,False,False,,Verified winner is not available in this release.
mscl_project_9d8efd51940b0efb,Installation of Rooftop Solar on Government Building in ABD area-Phase 1,https://mangalurusmartcity.net/project/34,Installation of Rooftop Solar on Government Building in ABD area-Phase 1,official_project_status_without_tender_detail,ongoing_project_listing,ongoing,,,,70800000.0,,,,,,official_work_order_status_joined_contractor_gap,needs_manual_reference_review,42,Tender opportunity facts consolidate source-linked evidence; joined official work-order rows are not contractor/successful-bidder truth unless those fields are present.,,2018-07-30,2021-04-30,2022-04-30,,work_order_issued_or_in_progress,"Agreement with government buildings signed for 705 kW out of 1288 kW; ESI Hospital, MCC Building, Town Hall and MCC Building at Mallikatte commissioned; other buildings pending or in progress.","Curated from KLA Council unstarred question 246, 14.09.2021 official PDF table as exposed by public web index; direct PDF download from this runtime timed out, so retain source URL and verify against PDF before legal use. Source table provides work order date and status, not contractor or successful-bidder identity.",,,,,,4.0,1.0,3.0,675241.0,"['https://mangalurusmartcity.net/contents/7973303.48658064-106144.640008879.zip', 'https://mangalurusmartcity.net/contents/7973303.48658064-106144.640008879.zip#archive-entry=2.%20rfp_mscl_govt%20%20%20%20buildings_14122017.docx', 'https://mangalurusmartcity.net/contents/7973303.48658064-106144.640008879.zip#archive-entry=3.0%20%28%2027.12.2017%29%20DRAFT%20PROJECT%20DEVELOPMENT%20AND%20IMPLEMENTATION.docx', 'https://mangalurusmartcity.net/contents/1579151.82950867-663333.337671621.pdf']",1.0,2026-06-05,2026-06-05,['official_status_observed'],2.0,"['SG Renewables Energy', 'concessionaire / successful bidder unspecified']","['rooftop solar concessionaire / O&M lead', 'rooftop solar PPP concessionaire and O&M lead']",official_work_order_status_joined_contractor_gap,True,False,False,False,"Cannot claim verified contractor or successful bidder, award date, award amount, work-order amount from the current release.","Add a lawful KPPP/eProc, MSCL, or MCC award-register/export row for Installation of Rooftop Solar on Government Building in ABD area-Phase 1 that names the contractor/successful bidder and award amount/date.",promote_work_order_status_fields_only,Use joined official work-order/status fields as lifecycle evidence; do not use as contractor or successful-bidder truth.,70800000.0,False,False,True,True,SG Renewables Energy; concessionaire / successful bidder unspecified,Verified winner is not available in this release.
mscl_project_1d1968392d1eeeba,Integrated Transport Hub ( Integrated Bus Terminal with Retail mall and Recreational Center),https://mangalurusmartcity.net/project/31,Integrated Transport Hub ( Integrated Bus Terminal with Retail mall and Recreational Center),official_project_status_without_tender_detail,tendered_status_observed,tendered,,,,4450000000.0,,,,,,no_promotable_official_award_row,needs_manual_reference_review,33,Tender opportunity facts consolidate source-linked evidence; joined official work-order rows are not contractor/successful-bidder truth unless those fields are present.,,,,,,,,,,,,,,,,,,,1.0,2026-06-05,2026-06-05,['official_status_observed'],,,,no_promotable_official_award_row,False,False,False,False,"Cannot claim verified contractor or successful bidder, award date, award amount, work-order date, work-order amount from the current release.","Add a lawful KPPP/eProc, MSCL, MCC, or Karnataka Legislature answer/export row for Integrated Transport Hub ( Integrated Bus Terminal with Retail mall and Recreational Center) with source URL, work-order or award date, amount, and contractor/successful-bidder fields.",do_not_promote_award_fields,"Use MSCL page status/cost, document, BOQ, SCM, and public lead evidence only as review context; do not promote to official award/work-order truth.",4450000000.0,False,False,False,False,,Verified winner is not available in this release.
mscl_project_b6c2f9b5ed0ab8bd,LED Light in Govt. Buildings,https://mangalurusmartcity.net/project/20,LED Light in Govt. Buildings,official_project_status_without_tender_detail,completed_project_listing,completed,,,19500000.0,19100000.0,20050000.0,,,,,official_work_order_status_joined_contractor_gap,needs_manual_reference_review,50,Tender opportunity facts consolidate source-linked evidence; joined official work-order rows are not contractor/successful-bidder truth unless those fields are present.,20000000.0,2019-02-04,2019-08-04,,2019-09-30,completed,Completed,"Curated from KLA Council unstarred question 246, 14.09.2021 official PDF table as exposed by public web index; direct PDF download from this runtime timed out, so retain source URL and verify against PDF before legal use. Source table provides work order date and status, not contractor or successful-bidder identity.",20050000.0,Grand Total,mscl_doc_79185b91aa03160a_child_3c8e99f065a2e99f,1.0,3.0,4.0,3.0,9.0,148382.0,"['https://mangalurusmartcity.net/contents/6264502.04116502-747942.631547101.rar', 'https://mangalurusmartcity.net/contents/6264502.04116502-747942.631547101.rar#archive-entry=BOQ/Annexure-10%20Detialed%20estimate.pdf', 'https://mangalurusmartcity.net/contents/6264502.04116502-747942.631547101.rar#archive-entry=BOQ/BOQ-%20with%20rate%2027092018-%20without%20buy%20back.pdf', 'https://mangalurusmartcity.net/contents/1689293.06403235-1142634.5289712.pdf']",1.0,2026-06-05,2026-06-05,['official_status_observed'],,,,official_work_order_status_joined_contractor_gap,True,True,False,False,"Cannot claim verified contractor or successful bidder, award date, award amount from the current release.","Add a lawful KPPP/eProc, MSCL, or MCC award-register/export row for LED Light in Govt. Buildings that names the contractor/successful bidder and award amount/date.",promote_work_order_status_fields_only,Use joined official work-order/status fields as lifecycle evidence; do not use as contractor or successful-bidder truth.,20050000.0,True,True,False,True,,Verified winner is not available in this release.
mscl_project_fe66f2c90356ef06,Pedestrian Plaza,https://mangalurusmartcity.net/project/22,Pedestrian Plaza,official_project_status_without_tender_detail,completed_project_listing,completed,,,,,63350000.0,,,,,official_work_order_status_joined_contractor_gap,needs_manual_reference_review,42,Tender opportunity facts consolidate source-linked evidence; joined official work-order rows are not contractor/successful-bidder truth unless those fields are present.,59300000.0,2019-09-20,2021-02-15,2021-02-15,,work_order_issued_or_in_progress,Ongoing / box culvert complete and staircase work under progress,"Curated from KLA Council unstarred question 729, 15.12.2020 official PDF table as exposed by public web index; direct PDF download from this runtime timed out, so retain source URL and verify against PDF before legal use. Source table provides work order date and status, not contractor or successful-bidder identity.",63350000.0,Grand Total,mscl_doc_eb2fa93dfbabcf6e,2.0,15.0,10.0,9.0,13.0,685502.0,"['https://mangalurusmartcity.net/contents/7237755.95763594-208083.31449961.pdf', 'https://mangalurusmartcity.net/contents/6463753.0485465-1677.12175994745.pdf', 'https://mangalurusmartcity.net/contents/7122932.573372-18972.7961096949.rar', 'https://mangalurusmartcity.net/contents/7122932.573372-18972.7961096949.rar#archive-entry=Drawings/ANNEXURE%201%20ARCHITECTURAL%20LAYOUTS/TOWN%20HALL%20GARDEN%20%26%20SUBWAY%20%20PLAN%20%26%20SECTIONS.pdf', 'https://mangalurusmartcity.net/contents/7122932.573372-18972.7961096949.rar#archive-entry=Drawings/ANNEXURE%201%20ARCHITECTURAL%20LAYOUTS/TOWN%20HALL%20GARDEN%20%26%20SUBWAY%20%20PLAN%20.pdf', 'https://mangalurusmartcity.net/contents/7122932.573372-18972.7961096949.rar#archive-entry=Drawings/ANNEXURE%202%20STRUCTURAL%20LAYOUTS/GENERAL%20ARRANGEMENT%20DRAWING%20FOR%20RETAINING%20WALL%20AT%20CLOCK%20TOWER-SHEET%20NO%2001%20OF%2003.pdf']",1.0,2026-06-05,2026-06-05,['official_status_observed'],,,,official_work_order_status_joined_contractor_gap,True,False,False,False,"Cannot claim verified contractor or successful bidder, award date, award amount from the current release.","Add a lawful KPPP/eProc, MSCL, or MCC award-register/export row for Pedestrian Plaza that names the contractor/successful bidder and award amount/date.",promote_work_order_status_fields_only,Use joined official work-order/status fields as lifecycle evidence; do not use as contractor or successful-bidder truth.,63350000.0,True,False,False,True,,Verified winner is not available in this release.
mscl_project_29cf7deda4d535c2,Rehabilitation of Central Market,https://mangalurusmartcity.net/project/37,Rehabilitation of Central Market,official_project_status_without_tender_detail,ongoing_project_listing,ongoing,,,,,,,,,,official_work_order_status_joined_contractor_gap,needs_manual_reference_review,33,Tender opportunity facts consolidate source-linked evidence; joined official work-order rows are not contractor/successful-bidder truth unless those fields are present.,50600000.0,2020-05-02,2020-11-02,2020-11-02,,work_order_issued_or_in_progress,Work stopped due to High Court stay order,"Curated from KLA Council unstarred question 729, 15.12.2020 official PDF table as exposed by public web index; direct PDF download from this runtime timed out, so retain source URL and verify against PDF before legal use. Source table provides work order date and status, not contractor or successful-bidder identity.",,,,,,,,,,,1.0,2026-06-05,2026-06-05,['official_status_observed'],,,,official_work_order_status_joined_contractor_gap,True,False,False,False,"Cannot claim verified contractor or successful bidder, award date, award amount from the current release.","Add a lawful KPPP/eProc, MSCL, or MCC award-register/export row for Rehabilitation of Central Market that names the contractor/successful bidder and award amount/date.",promote_work_order_status_fields_only,Use joined official work-order/status fields as lifecycle evidence; do not use as contractor or successful-bidder truth.,50600000.0,True,False,False,False,,Verified winner is not available in this release.
mscl_project_6d20e49cd6b8757a,Retrofitting of Carstreet,https://mangalurusmartcity.net/project/15,Retrofitting of Carstreet,official_project_status_without_tender_detail,completed_project_listing,completed,,,49500000.0,49500000.0,,,,,,no_promotable_official_award_row,needs_manual_reference_review,33,Tender opportunity facts consolidate source-linked evidence; joined official work-order rows are not contractor/successful-bidder truth unless those fields are present.,,,,,,,,,,,,,,1.0,1.0,3.0,523621.0,['https://mangalurusmartcity.net/contents/8136011.34258137-1079358.11871345.pdf'],1.0,2026-06-05,2026-06-05,['official_status_observed'],,,,no_promotable_official_award_row,False,False,False,False,"Cannot claim verified contractor or successful bidder, award date, award amount, work-order date, work-order amount from the current release.","Add a lawful KPPP/eProc, MSCL, MCC, or Karnataka Legislature answer/export row for Retrofitting of Carstreet with source URL, work-order or award date, amount, and contractor/successful-bidder fields.",do_not_promote_award_fields,"Use MSCL page status/cost, document, BOQ, SCM, and public lead evidence only as review context; do not promote to official award/work-order truth.",49500000.0,False,False,False,False,,Verified winner is not available in this release.
mscl_project_7b85572394c04d53,Skill Development Center,https://mangalurusmartcity.net/project/16,Skill Development Center,official_project_status_without_tender_detail,completed_project_listing,completed,,,,,24000000.0,,,,,official_work_order_status_joined_contractor_gap,needs_manual_reference_review,42,Tender opportunity facts consolidate source-linked evidence; joined official work-order rows are not contractor/successful-bidder truth unless those fields are present.,46000000.0,2020-05-14,2021-05-13,2021-05-13,,work_order_issued_or_in_progress,Ongoing / ground floor complete and first-floor column casting in progress,"Curated from KLA Council unstarred question 729, 15.12.2020 official PDF table as exposed by public web index; direct PDF download from this runtime timed out, so retain source URL and verify against PDF before legal use. Source table provides work order date and status, not contractor or successful-bidder identity.",24000000.0,Grand Total,mscl_doc_ad8f2db156bbe7da,1.0,5.0,17.0,14.0,16.0,512912.0,"['https://mangalurusmartcity.net/contents/7733259.91711265-1461817.20671624.pdf', 'https://mangalurusmartcity.net/contents/6591991.74334854-226621.708836184.pdf', 'https://mangalurusmartcity.net/contents/5893358.23240381-523158.646227237.rar', 'https://mangalurusmartcity.net/contents/5893358.23240381-523158.646227237.rar#archive-entry=DRAWINGS%20-%20FINAL%20SKILL%20DEVELOPMENT%2009.09.2019/ELEVATIONS%20A-A%20-%20SKILL%20DEVELOPMENT%20DRAWINGS%20FINAL29.08.2019%20%281%29-Layout1.pdf', 'https://mangalurusmartcity.net/contents/5893358.23240381-523158.646227237.rar#archive-entry=DRAWINGS%20-%20FINAL%20SKILL%20DEVELOPMENT%2009.09.2019/ELEVATIONS%20B-D%20-%20SKILL%20DEVELOPMENT%20DRAWINGS%20FINAL29.08.2019%20%281%29-Layout1.pdf', 'https://mangalurusmartcity.net/contents/5893358.23240381-523158.646227237.rar#archive-entry=DRAWINGS%20-%20FINAL%20SKILL%20DEVELOPMENT%2009.09.2019/GROUND%20%26%20FIRST%20FLOOR-%20SKILL%20DEVELOPMENT%20DRAWINGS%20FINAL29.08.2019%20%281%29-Layout1.pdf']",1.0,2026-06-05,2026-06-05,['official_status_observed'],,,,official_work_order_status_joined_contractor_gap,True,False,False,False,"Cannot claim verified contractor or successful bidder, award date, award amount from the current release.","Add a lawful KPPP/eProc, MSCL, or MCC award-register/export row for Skill Development Center that names the contractor/successful bidder and award amount/date.",promote_work_order_status_fields_only,Use joined official work-order/status fields as lifecycle evidence; do not use as contractor or successful-bidder truth.,46000000.0,True,False,False,True,,Verified winner is not available in this release.
mscl_project_bfe3749c86e504aa,Smart Road 1,https://mangalurusmartcity.net/project/40,Smart Road 1,official_project_status_without_tender_detail,completed_project_listing,completed,,,,,75600000.0,,,,,official_work_order_status_joined_contractor_gap,needs_manual_reference_review,50,Tender opportunity facts consolidate source-linked evidence; joined official work-order rows are not contractor/successful-bidder truth unless those fields are present.,21600000.0,2018-06-20,2018-12-20,,2020-01-31,completed,Completed,"Curated from KLA Council unstarred question 246, 14.09.2021 official PDF table as exposed by public web index; direct PDF download from this runtime timed out, so retain source URL and verify against PDF before legal use. Source table provides work order date and status, not contractor or successful-bidder identity.",75600000.0,Grand Total,mscl_doc_700925c619509aca,2.0,12.0,27.0,26.0,30.0,1155852.0,"['https://mangalurusmartcity.net/contents/1334789.17709309-1251593.34178707.pdf', 'https://mangalurusmartcity.net/contents/5469294.10913461-1120493.65614153.pdf', 'https://mangalurusmartcity.net/contents/406372.840705501-669948.907209369.rar', 'https://mangalurusmartcity.net/contents/406372.840705501-669948.907209369.rar#archive-entry=WTE_2292_00_A_4.01%20%28R0%29%20PLAN%20AND%20SECTION%20OF%20BUS%20SHELTER-bus%20stop%20Sample%20layout.pdf', 'https://mangalurusmartcity.net/contents/406372.840705501-669948.907209369.rar#archive-entry=WTE_2292_00_E_3.01%20%28R0%29%20STREET%20LIGHTS%20CONTROL%20PANEL-STREET%20LIGHT%20PANEL.pdf', 'https://mangalurusmartcity.net/contents/406372.840705501-669948.907209369.rar#archive-entry=WTE_2292_00_L_2.01%20%28R0%29%20URBAN%20DESIGN%20ROADS%20%28SHEET%201OF%202%29.pdf']",1.0,2026-06-05,2026-06-05,['official_status_observed'],,,,official_work_order_status_joined_contractor_gap,True,True,False,False,"Cannot claim verified contractor or successful bidder, award date, award amount from the current release.","Add a lawful KPPP/eProc, MSCL, or MCC award-register/export row for Smart Road 1 that names the contractor/successful bidder and award amount/date.",promote_work_order_status_fields_only,Use joined official work-order/status fields as lifecycle evidence; do not use as contractor or successful-bidder truth.,75600000.0,True,True,False,True,,Verified winner is not available in this release.
mscl_project_775f00415a9213f8,Smart Road 2,https://mangalurusmartcity.net/project/39,Smart Road 2,official_project_status_without_tender_detail,completed_project_listing,completed,,,,,137640000.0,,,,,official_work_order_status_joined_contractor_gap,needs_manual_reference_review,42,Tender opportunity facts consolidate source-linked evidence; joined official work-order rows are not contractor/successful-bidder truth unless those fields are present.,137600000.0,2019-07-04,2020-12-03,2021-08-31,,work_order_issued_or_in_progress,Ongoing / road and street-light works in progress,"Curated from KLA Council unstarred question 246, 14.09.2021 official PDF table as exposed by public web index; direct PDF download from this runtime timed out, so retain source URL and verify against PDF before legal use. Source table provides work order date and status, not contractor or successful-bidder identity.",137640000.0,Grand Total,mscl_doc_a749a0a26bef1d73,1.0,7.0,23.0,22.0,26.0,1412753.0,"['https://mangalurusmartcity.net/contents/464132.516861024-1089021.04716946.pdf', 'https://mangalurusmartcity.net/contents/4105976.88244003-1470450.39597824.pdf', 'https://mangalurusmartcity.net/contents/5750561.21952392-350107.808225661.rar', 'https://mangalurusmartcity.net/contents/5750561.21952392-350107.808225661.rar#archive-entry=Drawing/WTE_2292_00_R_5.01%20%28R1%29%20PROPOSED%20CROSS%20SECTION%20OF%20MADIAN%20ROADS%20PART-2%20%28SHEET%201%20OF%203%29.pdf', 'https://mangalurusmartcity.net/contents/5750561.21952392-350107.808225661.rar#archive-entry=Drawing/WTE_2292_00_R_5.01%20%28R1%29%20PROPOSED%20CROSS%20SECTION%20OF%20MADIAN%20ROADS%20PART-2%20%28SHEET%202%20OF%203%29.pdf', 'https://mangalurusmartcity.net/contents/5750561.21952392-350107.808225661.rar#archive-entry=Drawing/WTE_2292_00_R_5.01%20%28R1%29%20PROPOSED%20CROSS%20SECTION%20OF%20MADIAN%20ROADS%20PART-2%20%28SHEET%203%20OF%203%29.pdf']",1.0,2026-06-05,2026-06-05,['official_status_observed'],,,,official_work_order_status_joined_contractor_gap,True,False,False,False,"Cannot claim verified contractor or successful bidder, award date, award amount from the current release.","Add a lawful KPPP/eProc, MSCL, or MCC award-register/export row for Smart Road 2 that names the contractor/successful bidder and award amount/date.",promote_work_order_status_fields_only,Use joined official work-order/status fields as lifecycle evidence; do not use as contractor or successful-bidder truth.,137640000.0,True,False,False,True,,Verified winner is not available in this release.
mscl_project_60002bfd95a402b0,Smart Road 3,https://mangalurusmartcity.net/project/38,Smart Road 3,official_project_status_without_tender_detail,completed_project_listing,completed,,,,,457000000.0,,,,Maintenance Period The Maintenance Period is considered as 5 years from date of construction completion,official_work_order_status_joined_contractor_gap,needs_manual_reference_review,42,Tender opportunity facts consolidate source-linked evidence; joined official work-order rows are not contractor/successful-bidder truth unless those fields are present.,443900000.0,2019-11-19,2021-03-19,2021-05-31,,work_order_issued_or_in_progress,Ongoing / PQC and storm-water-drain works in progress,"Curated from KLA Council unstarred question 729, 15.12.2020 official PDF table as exposed by public web index; direct PDF download from this runtime timed out, so retain source URL and verify against PDF before legal use. Source table provides work order date and status, not contractor or successful-bidder identity.",457000000.0,Grand Total,mscl_doc_2891b0dcd1dbb3f5,1.0,13.0,23.0,22.0,26.0,1937360.0,"['https://mangalurusmartcity.net/contents/5640733.16549916-835571.913629445.pdf', 'https://mangalurusmartcity.net/contents/7239861.55224958-692338.433424255.pdf', 'https://mangalurusmartcity.net/contents/3670378.81336658-837256.487174538.rar', 'https://mangalurusmartcity.net/contents/3670378.81336658-837256.487174538.rar#archive-entry=DPR%203%20-%20Drawings%2022_11_18/WTE_2292_03_R_1.01%20%28R0%29%20EXISTING%20FEATURES%20OF%20ROADS%20-%2022_11_18/WTE_2292_03_R_1.01%20%28R0%29%20EXISTING%20FEATURES%20OF%20PANDESHWAR%20ROADS%20%28Road%20no.3%29.pdf', 'https://mangalurusmartcity.net/contents/3670378.81336658-837256.487174538.rar#archive-entry=DPR%203%20-%20Drawings%2022_11_18/WTE_2292_03_R_1.01%20%28R0%29%20EXISTING%20FEATURES%20OF%20ROADS%20-%2022_11_18/WTE_2292_03_R_1.02%20%28R0%29%20EXISTING%20FEATURES%20OF%20ROSARIO%20CHURCH%20ROADS%20%28Part%20-%201a%29%20Sheet%201%20of%202.pdf', 'https://mangalurusmartcity.net/contents/3670378.81336658-837256.487174538.rar#archive-entry=DPR%203%20-%20Drawings%2022_11_18/WTE_2292_03_R_1.01%20%28R0%29%20EXISTING%20FEATURES%20OF%20ROADS%20-%2022_11_18/WTE_2292_03_R_1.02%20%28R0%29%20EXISTING%20FEATURES%20OF%20ROSARIO%20CHURCH%20ROADS%20%28Part%20-%201a%29%20Sheet%202%20of%202.pdf']",1.0,2026-06-05,2026-06-05,['official_status_observed'],,,,official_work_order_status_joined_contractor_gap,True,False,False,False,"Cannot claim verified contractor or successful bidder, award date, award amount from the current release.","Add a lawful KPPP/eProc, MSCL, or MCC award-register/export row for Smart Road 3 that names the contractor/successful bidder and award amount/date.",promote_work_order_status_fields_only,Use joined official work-order/status fields as lifecycle evidence; do not use as contractor or successful-bidder truth.,457000000.0,True,False,False,True,,Verified winner is not available in this release.
mscl_project_aeada954e2b08803,Smart Road 4,https://mangalurusmartcity.net/project/41,Smart Road 4,official_project_status_without_tender_detail,completed_project_listing,completed,,,,,491777000.0,,,,Maintenance Period The Maintenance Period is considered as 36 months from date of construction completion,official_work_order_status_joined_contractor_gap,needs_manual_reference_review,42,Tender opportunity facts consolidate source-linked evidence; joined official work-order rows are not contractor/successful-bidder truth unless those fields are present.,412100000.0,2019-09-16,2021-02-15,2021-02-15,,work_order_issued_or_in_progress,"Ongoing / junction, drain, marking, footpath and road works in progress","Curated from KLA Council starred question 21, 22.09.2020 official PDF table as exposed by public web index; direct PDF download from this runtime timed out, so retain source URL and verify against PDF before legal use. Source table provides work order date and status, not contractor or successful-bidder identity.",491777000.0,Grand Total,mscl_doc_b3f4ed039940723d,1.0,17.0,168.0,120.0,124.0,2602977.0,"['https://mangalurusmartcity.net/contents/1601567.54385753-192326.422606039.pdf', 'https://mangalurusmartcity.net/contents/7422050.06416051-255728.240512292.pdf', 'https://mangalurusmartcity.net/contents/1496012.63995097-830347.508835584.rar', 'https://mangalurusmartcity.net/contents/1496012.63995097-830347.508835584.rar#archive-entry=drawings3/WTE_2292_04_R_3.01%20%28R0%29%20ROAD%20SIGNAGES%20-%20PLAN%20AND%20ROAD%20MARKING%20OF%20ROAD%20-%2010_12_18/WTE_2292_04_R_3.01%20%28R0%29%20ROAD%20SIGNAGES%20-%20PLAN%20AND%20ROAD%20MARKING%20OF%20ROAD%2010_12_18-Road%207b.pdf', 'https://mangalurusmartcity.net/contents/1496012.63995097-830347.508835584.rar#archive-entry=drawings3/WTE_2292_04_R_3.01%20%28R0%29%20ROAD%20SIGNAGES%20-%20PLAN%20AND%20ROAD%20MARKING%20OF%20ROAD%20-%2010_12_18/WTE_2292_04_R_3.02%20%28R0%29%20ROAD%20SIGNAGES%20-%20PLAN%20AND%20ROAD%20MARKING%20OF%20ROAD%2010_12_18-Road%207e%20Sheet-1.pdf', 'https://mangalurusmartcity.net/contents/1496012.63995097-830347.508835584.rar#archive-entry=drawings3/WTE_2292_04_R_3.01%20%28R0%29%20ROAD%20SIGNAGES%20-%20PLAN%20AND%20ROAD%20MARKING%20OF%20ROAD%20-%2010_12_18/WTE_2292_04_R_3.02%20%28R0%29%20ROAD%20SIGNAGES%20-%20PLAN%20AND%20ROAD%20MARKING%20OF%20ROAD%2010_12_18-Road%207e%20Sheet-2.pdf']",1.0,2026-06-05,2026-06-05,['official_status_observed'],,,,official_work_order_status_joined_contractor_gap,True,False,False,False,"Cannot claim verified contractor or successful bidder, award date, award amount from the current release.","Add a lawful KPPP/eProc, MSCL, or MCC award-register/export row for Smart Road 4 that names the contractor/successful bidder and award amount/date.",promote_work_order_status_fields_only,Use joined official work-order/status fields as lifecycle evidence; do not use as contractor or successful-bidder truth.,491777000.0,True,False,False,True,,Verified winner is not available in this release.
mscl_project_3d52e20e27a5b818,Smart Road 5,https://mangalurusmartcity.net/project/42,Smart Road 5,official_project_status_without_tender_detail,completed_project_listing,completed,,,,,492500000.0,,,,Maintenance Period The Maintenance Period is considered as 36 months from date of construction completion,official_work_order_status_joined_contractor_gap,needs_manual_reference_review,42,Tender opportunity facts consolidate source-linked evidence; joined official work-order rows are not contractor/successful-bidder truth unless those fields are present.,468700000.0,2019-11-16,2021-03-15,2021-03-15,,work_order_issued_or_in_progress,Ongoing / carriageway and drain works in progress,"Curated from KLA Council unstarred question 729, 15.12.2020 official PDF table as exposed by public web index; direct PDF download from this runtime timed out, so retain source URL and verify against PDF before legal use. Source table provides work order date and status, not contractor or successful-bidder identity.",492500000.0,Grand Total,mscl_doc_d1a9ee46a6667150,1.0,10.0,48.0,47.0,51.0,2690030.0,"['https://mangalurusmartcity.net/contents/8809784.99018111-354746.020590312.pdf', 'https://mangalurusmartcity.net/contents/5740284.93172502-883441.906883995.pdf', 'https://mangalurusmartcity.net/contents/4267253.90565919-17010.3508890981.rar', 'https://mangalurusmartcity.net/contents/4267253.90565919-17010.3508890981.rar#archive-entry=Drawings/WTE_2292_05_R_1.01%20%28R0%29%20EXISTING%20FEATURES%20OF%20ROADS%20-%2010_12_18/1.01%20-%20EXISTING%20FEATURES%20OF%20ATTAVARA-NANDIGUDDA%20RD.%28NANDIGUDDA%20WENLOCK%20JN%20%20TO%20KMC%20HOSPITAL%20ROAD%29%20-%207c%28Sheet%201%20of%201%20%29.pdf', 'https://mangalurusmartcity.net/contents/4267253.90565919-17010.3508890981.rar#archive-entry=Drawings/WTE_2292_05_R_1.01%20%28R0%29%20EXISTING%20FEATURES%20OF%20ROADS%20-%2010_12_18/1.02%20-%20EXISTING%20FEATURES%20OF%20ATTAVARA-NANDIGUDDA%20RD.%28NANDIGUDDA%20WENLOCK%20JN%20%20TO%20KMC%20HOSPITAL%20ROAD%29%20-%207c%28Sheet%201%20of%205%20%29.pdf', 'https://mangalurusmartcity.net/contents/4267253.90565919-17010.3508890981.rar#archive-entry=Drawings/WTE_2292_05_R_1.01%20%28R0%29%20EXISTING%20FEATURES%20OF%20ROADS%20-%2010_12_18/1.02%20-%20EXISTING%20FEATURES%20OF%20ATTAVARA-NANDIGUDDA%20RD.%28NANDIGUDDA%20WENLOCK%20JN%20%20TO%20KMC%20HOSPITAL%20ROAD%29%20-%207c%28Sheet%202%20of%205%20%29.pdf']",1.0,2026-06-05,2026-06-05,['official_status_observed'],,,,official_work_order_status_joined_contractor_gap,True,False,False,False,"Cannot claim verified contractor or successful bidder, award date, award amount from the current release.","Add a lawful KPPP/eProc, MSCL, or MCC award-register/export row for Smart Road 5 that names the contractor/successful bidder and award amount/date.",promote_work_order_status_fields_only,Use joined official work-order/status fields as lifecycle evidence; do not use as contractor or successful-bidder truth.,492500000.0,True,False,False,True,,Verified winner is not available in this release.
mscl_project_083b6019c8669cba,Smart Road 6,https://mangalurusmartcity.net/project/43,Smart Road 6,official_project_status_without_tender_detail,completed_project_listing,completed,,,,,520500000.0,,,,,official_work_order_status_joined_contractor_gap,needs_manual_reference_review,42,Tender opportunity facts consolidate source-linked evidence; joined official work-order rows are not contractor/successful-bidder truth unless those fields are present.,417800000.0,2019-10-04,2021-02-15,2021-05-15,,work_order_issued_or_in_progress,Ongoing / carriageway and storm-water-drain works in progress,"Curated from KLA Council unstarred question 729, 15.12.2020 official PDF table as exposed by public web index; direct PDF download from this runtime timed out, so retain source URL and verify against PDF before legal use. Source table provides work order date and status, not contractor or successful-bidder identity.",520500000.0,Grand Total,mscl_doc_47a66abbc1e85ca7,1.0,10.0,52.0,50.0,52.0,2930880.0,"['https://mangalurusmartcity.net/contents/6700818.17391367-1043390.87835614.pdf', 'https://mangalurusmartcity.net/contents/4326627.37757276-836800.509591559.rar', 'https://mangalurusmartcity.net/contents/4326627.37757276-836800.509591559.rar#archive-entry=Drawings/WTE_2292_06_R_1.01%20%28R0%29%20EXISTING%20FEATURES%20OF%20ROADS%20-%2009_03_19/1.01%20-%20EXISTING%20FEATURES%20OF%20OLD%20KENT%20RD.%20%20%20No.%20-%202%20%20%28OLD%20KENT%20RD.%20TO%20MANGALADAEVI%20RD%20JN.HOSPITAL%20ROAD%29%28Shee%201%20of%204%20%29.pdf', 'https://mangalurusmartcity.net/contents/4326627.37757276-836800.509591559.rar#archive-entry=Drawings/WTE_2292_06_R_1.01%20%28R0%29%20EXISTING%20FEATURES%20OF%20ROADS%20-%2009_03_19/1.01%20-%20EXISTING%20FEATURES%20OF%20OLD%20KENT%20RD.%20%20%20No.%20-%202%20%20%28OLD%20KENT%20RD.%20TO%20MANGALADAEVI%20RD%20JN.HOSPITAL%20ROAD%29%28Shee%202%20of%204%20%29.pdf', 'https://mangalurusmartcity.net/contents/4326627.37757276-836800.509591559.rar#archive-entry=Drawings/WTE_2292_06_R_1.01%20%28R0%29%20EXISTING%20FEATURES%20OF%20ROADS%20-%2009_03_19/1.01%20-%20EXISTING%20FEATURES%20OF%20OLD%20KENT%20RD.%20%20%20No.%20-%202%20%20%28OLD%20KENT%20RD.%20TO%20MANGALADAEVI%20RD%20JN.HOSPITAL%20ROAD%29%28Shee%203%20of%204%20%29.pdf', 'https://mangalurusmartcity.net/contents/4326627.37757276-836800.509591559.rar#archive-entry=Drawings/WTE_2292_06_R_1.01%20%28R0%29%20EXISTING%20FEATURES%20OF%20ROADS%20-%2009_03_19/1.01%20-%20EXISTING%20FEATURES%20OF%20OLD%20KENT%20RD.%20%20%20No.%20-%202%20%20%28OLD%20KENT%20RD.%20TO%20MANGALADAEVI%20RD%20JN.HOSPITAL%20ROAD%29%28Shee%204%20of%204%20%29.pdf']",1.0,2026-06-05,2026-06-05,['official_status_observed'],,,,official_work_order_status_joined_contractor_gap,True,False,False,False,"Cannot claim verified contractor or successful bidder, award date, award amount from the current release.","Add a lawful KPPP/eProc, MSCL, or MCC award-register/export row for Smart Road 6 that names the contractor/successful bidder and award amount/date.",promote_work_order_status_fields_only,Use joined official work-order/status fields as lifecycle evidence; do not use as contractor or successful-bidder truth.,520500000.0,True,False,False,True,,Verified winner is not available in this release.
mscl_project_7e2c672c1d2ce30b,Smart Road 7,https://mangalurusmartcity.net/project/44,Smart Road 7,official_project_status_without_tender_detail,completed_project_listing,completed,,,,,397900000.0,,,,,official_work_order_status_joined_contractor_gap,needs_manual_reference_review,42,Tender opportunity facts consolidate source-linked evidence; joined official work-order rows are not contractor/successful-bidder truth unless those fields are present.,387400000.0,2019-11-18,2021-03-18,2021-05-31,,work_order_issued_or_in_progress,Ongoing / carriageway works in progress,"Curated from KLA Council unstarred question 729, 15.12.2020 official PDF table as exposed by public web index; direct PDF download from this runtime timed out, so retain source URL and verify against PDF before legal use. Source table provides work order date and status, not contractor or successful-bidder identity.",397900000.0,Grand Total,mscl_doc_0c2300569b83a0da,1.0,10.0,31.0,30.0,32.0,2360261.0,"['https://mangalurusmartcity.net/contents/5390958.99341207-208641.800230491.pdf', 'https://mangalurusmartcity.net/contents/4781689.95342296-371390.493578706.rar', 'https://mangalurusmartcity.net/contents/4781689.95342296-371390.493578706.rar#archive-entry=Drawings/WTE_2292_07_R_1.01%20%28R0%29%20EXISTING%20FEATURES%20OF%20ROADS%20-%2009_05_2019/1-06-%20%20EXISTING%20FEATURE%20OF%20ROADS%20-%20Part%20II-Road%20-6%20sheet%201%20of%201.pdf', 'https://mangalurusmartcity.net/contents/4781689.95342296-371390.493578706.rar#archive-entry=Drawings/WTE_2292_07_R_1.01%20%28R0%29%20EXISTING%20FEATURES%20OF%20ROADS%20-%2009_05_2019/1.01-%20EXISTING%20FEATURE%20OF%20ROADS%20PLAN%20-%20Part%20I-Road%20-1%20sheet-1%20of%202.pdf', 'https://mangalurusmartcity.net/contents/4781689.95342296-371390.493578706.rar#archive-entry=Drawings/WTE_2292_07_R_1.01%20%28R0%29%20EXISTING%20FEATURES%20OF%20ROADS%20-%2009_05_2019/1.01-%20EXISTING%20FEATURE%20OF%20ROADS%20PLAN%20-%20Part%20I-Road%20-1%20sheet-2%20of%202.pdf', 'https://mangalurusmartcity.net/contents/4781689.95342296-371390.493578706.rar#archive-entry=Drawings/WTE_2292_07_R_1.01%20%28R0%29%20EXISTING%20FEATURES%20OF%20ROADS%20-%2009_05_2019/1.02-%20EXISTING%20FEATURE%20OF%20ROADS%20PLAN%20-%20Part%20I-Road%20-2%20sheet%201%20of%201.pdf']",1.0,2026-06-05,2026-06-05,['official_status_observed'],,,,official_work_order_status_joined_contractor_gap,True,False,False,False,"Cannot claim verified contractor or successful bidder, award date, award amount from the current release.","Add a lawful KPPP/eProc, MSCL, or MCC award-register/export row for Smart Road 7 that names the contractor/successful bidder and award amount/date.",promote_work_order_status_fields_only,Use joined official work-order/status fields as lifecycle evidence; do not use as contractor or successful-bidder truth.,397900000.0,True,False,False,True,,Verified winner is not available in this release.
mscl_project_f2a84dc69e6d7574,UGD 1,https://mangalurusmartcity.net/project/45,UGD 1,official_project_status_without_tender_detail,completed_project_listing,completed,,,,,49950000.0,,,,,no_promotable_official_award_row,needs_manual_reference_review,33,Tender opportunity facts consolidate source-linked evidence; joined official work-order rows are not contractor/successful-bidder truth unless those fields are present.,,,,,,,,,49950000.0,Grand Total,mscl_doc_f1ec125ff14003b9,1.0,5.0,29.0,28.0,32.0,2489191.0,"['https://mangalurusmartcity.net/contents/7507954.38769644-802119.84564499.pdf', 'https://mangalurusmartcity.net/contents/445398.553481977-1109356.67405596.pdf', 'https://mangalurusmartcity.net/contents/2028836.87896134-827719.867454667.rar', 'https://mangalurusmartcity.net/contents/2028836.87896134-827719.867454667.rar#archive-entry=Z%20-%204%20%28Pakage%20-%201%29%20PDF/%283.1.2018%29WTE_2292_00_UGD_2.01%20%28R0%29%20UNDERGROUND%20DRAINAGE%20NETWORK%20FOR%20ZONE%20IV%20%28PART%29%20IN%20ABD%20AREA-A1.pdf', 'https://mangalurusmartcity.net/contents/2028836.87896134-827719.867454667.rar#archive-entry=Z%20-%204%20%28Pakage%20-%201%29%20PDF/%283.1.2018%29WTE_2292_00_UGD_2.01%20%28R0%29%20UNDERGROUND%20DRAINAGE%20NETWORK%20FOR%20ZONE%20IV%20%28PART%29%20IN%20ABD%20AREA-Sheet%202.pdf', 'https://mangalurusmartcity.net/contents/2028836.87896134-827719.867454667.rar#archive-entry=Z%20-%204%20%28Pakage%20-%201%29%20PDF/%283.1.2018%29WTE_2292_00_UGD_2.01%20%28R0%29%20UNDERGROUND%20DRAINAGE%20NETWORK%20FOR%20ZONE%20IV%20%28PART%29%20IN%20ABD%20AREA-Sheet%203.pdf']",1.0,2026-06-05,2026-06-05,['official_status_observed'],,,,no_promotable_official_award_row,False,False,False,False,"Cannot claim verified contractor or successful bidder, award date, award amount, work-order date, work-order amount from the current release.","Add a lawful KPPP/eProc, MSCL, MCC, or Karnataka Legislature answer/export row for UGD 1 with source URL, work-order or award date, amount, and contractor/successful-bidder fields.",do_not_promote_award_fields,"Use MSCL page status/cost, document, BOQ, SCM, and public lead evidence only as review context; do not promote to official award/work-order truth.",49950000.0,False,False,False,True,,Verified winner is not available in this release.
mscl_project_fc77aba281b00c6d,Upgradation of Integrated Asset Management and Urban Property Ownership Record (UPOR) Building,https://mangalurusmartcity.net/project/30,Upgradation of Integrated Asset Management and Urban Property Ownership Record (UPOR) Building,official_project_status_without_tender_detail,completed_project_listing,completed,,,,50000000.0,46600000.0,,,,,official_work_order_status_joined_contractor_gap,needs_manual_reference_review,42,Tender opportunity facts consolidate source-linked evidence; joined official work-order rows are not contractor/successful-bidder truth unless those fields are present.,48800000.0,2020-02-13,2021-02-12,2021-08-12,,work_order_issued_or_in_progress,"Ongoing / structure and internal works completed, external works in progress","Curated from KLA Council unstarred question 246, 14.09.2021 official PDF table as exposed by public web index; direct PDF download from this runtime timed out, so retain source URL and verify against PDF before legal use. Source table provides work order date and status, not contractor or successful-bidder identity.",46600000.0,Grand Total,mscl_doc_f14e101d8f73c098,1.0,14.0,10.0,9.0,13.0,955091.0,"['https://mangalurusmartcity.net/contents/1464578.51001275-94295.147677234.pdf', 'https://mangalurusmartcity.net/contents/4849481.95277223-1458590.09618317.pdf', 'https://mangalurusmartcity.net/contents/9586458.37362225-1159670.57762218.rar', 'https://mangalurusmartcity.net/contents/9586458.37362225-1159670.57762218.rar#archive-entry=UPOR_drawings/Upor%20%20Elavation.pdf', 'https://mangalurusmartcity.net/contents/9586458.37362225-1159670.57762218.rar#archive-entry=UPOR_drawings/Upor%20Entry%20%26%20Exist%20Gtae%20Details.pdf', 'https://mangalurusmartcity.net/contents/9586458.37362225-1159670.57762218.rar#archive-entry=UPOR_drawings/Upor%20Ground%20%26%20First%20Floor%20Plan.pdf']",1.0,2026-06-05,2026-06-05,['official_status_observed'],,,,official_work_order_status_joined_contractor_gap,True,False,False,False,"Cannot claim verified contractor or successful bidder, award date, award amount from the current release.","Add a lawful KPPP/eProc, MSCL, or MCC award-register/export row for Upgradation of Integrated Asset Management and Urban Property Ownership Record (UPOR) Building that names the contractor/successful bidder and award amount/date.",promote_work_order_status_fields_only,Use joined official work-order/status fields as lifecycle evidence; do not use as contractor or successful-bidder truth.,50000000.0,True,False,False,True,,Verified winner is not available in this release.
mscl_project_038ab4aebc843da1,Upgradation of Mangala Stadium,https://mangalurusmartcity.net/project/27,Upgradation of Mangala Stadium,official_project_status_without_tender_detail,completed_project_listing,completed,,,,100000000.0,,,,,,official_work_order_status_joined_contractor_gap,needs_manual_reference_review,42,Tender opportunity facts consolidate source-linked evidence; joined official work-order rows are not contractor/successful-bidder truth unless those fields are present.,58700000.0,2020-06-02,2021-03-01,2021-03-01,,work_order_issued_or_in_progress,Ongoing / excavation and footing marking work in progress,"Curated from KLA Council unstarred question 729, 15.12.2020 official PDF table as exposed by public web index; direct PDF download from this runtime timed out, so retain source URL and verify against PDF before legal use. Source table provides work order date and status, not contractor or successful-bidder identity.",,,,,,1.0,1.0,3.0,355810.0,['https://mangalurusmartcity.net/contents/2501399.49959768-620706.256433225.pdf'],1.0,2026-06-05,2026-06-05,['official_status_observed'],,,,official_work_order_status_joined_contractor_gap,True,False,False,False,"Cannot claim verified contractor or successful bidder, award date, award amount from the current release.","Add a lawful KPPP/eProc, MSCL, or MCC award-register/export row for Upgradation of Mangala Stadium that names the contractor/successful bidder and award amount/date.",promote_work_order_status_fields_only,Use joined official work-order/status fields as lifecycle evidence; do not use as contractor or successful-bidder truth.,100000000.0,True,False,False,False,,Verified winner is not available in this release.
mscl_project_90f3d29c46797e36,Wenlock Hospital Upgradation,https://mangalurusmartcity.net/project/14,Wenlock Hospital Upgradation,official_project_status_without_tender_detail,completed_project_listing,completed,,,,450000000.0,,,,,,official_work_order_status_joined_contractor_gap,needs_manual_reference_review,42,Tender opportunity facts consolidate source-linked evidence; joined official work-order rows are not contractor/successful-bidder truth unless those fields are present.,45900000.0,2020-06-06,2021-06-05,2021-06-05,,work_order_issued_or_in_progress,Ongoing / pavement and PQC works in progress,"Curated from KLA Council unstarred question 729, 15.12.2020 official PDF table as exposed by public web index; direct PDF download from this runtime timed out, so retain source URL and verify against PDF before legal use. Source table provides work order date and status, not contractor or successful-bidder identity.",,,,,,1.0,1.0,3.0,15538.0,['https://mangalurusmartcity.net/contents/6562101.4389033-739708.455063954.pdf'],1.0,2026-06-05,2026-06-05,['official_status_observed'],,,,official_work_order_status_joined_contractor_gap,True,False,False,False,"Cannot claim verified contractor or successful bidder, award date, award amount from the current release.","Add a lawful KPPP/eProc, MSCL, or MCC award-register/export row for Wenlock Hospital Upgradation that names the contractor/successful bidder and award amount/date.",promote_work_order_status_fields_only,Use joined official work-order/status fields as lifecycle evidence; do not use as contractor or successful-bidder truth.,450000000.0,True,False,False,False,,Verified winner is not available in this release.
mscl_project_7e883d19423fb6a7,Swimming Pool Complex,https://mangalurusmartcity.net/project/13,Swimming Pool Complex,procurement_lookup_opportunity,completed_project_listing,completed,,,,249400000.0,,,,,,official_work_order_status_joined_contractor_gap,ready_for_eproc_or_kppp_lookup,50,Tender opportunity facts consolidate source-linked evidence; joined official work-order rows are not contractor/successful-bidder truth unless those fields are present.,219600000.0,2020-02-20,2022-02-20,2022-02-20,,work_order_issued_or_in_progress,"Ongoing / pile, pile-cap, column, grade beam and slab works in progress in reply table","Curated from KLA Council unstarred question 246, 14.09.2021 official PDF table as exposed by public web index; direct PDF download from this runtime timed out, so retain source URL and verify against PDF before legal use. Source table provides work order date and status, not contractor or successful-bidder identity.",,,,,,2.0,2.0,6.0,886379.0,"['https://mangalurusmartcity.net/contents/8168468.26028473-105307.035050163.pdf', 'https://mangalurusmartcity.net/contents/4699921.22831751-128306.215501482.pdf']",1.0,2026-06-05,2026-06-05,['official_status_observed'],2.0,"['We One Aqua Centre', 'successful bidder unspecified']","['Yemmekere swimming pool operation and maintenance agency lead', 'Yemmekere swimming pool O&M tender notice lead']",official_work_order_status_joined_contractor_gap,True,False,False,False,"Cannot claim verified contractor or successful bidder, award date, award amount from the current release.","Add a lawful KPPP/eProc, MSCL, or MCC award-register/export row for Swimming Pool Complex that names the contractor/successful bidder and award amount/date.",promote_work_order_status_fields_only,Use joined official work-order/status fields as lifecycle evidence; do not use as contractor or successful-bidder truth.,249400000.0,True,False,True,False,We One Aqua Centre; successful bidder unspecified,Verified winner is not available in this release.
mscl_project_ebcb7dbf7feeaf21,Command and Control Center Stage I,https://mangalurusmartcity.net/project/35,Command and Control Center Stage I,tender_opportunity,completed_project_listing,completed,,,,,,2018-05-26,2018-05-28,100000.0,contract period of 5 years from the date of Go-Live without costs to Authority meeting SLA,official_work_order_status_joined_contractor_gap,needs_manual_reference_review,67,Tender opportunity facts consolidate source-linked evidence; joined official work-order rows are not contractor/successful-bidder truth unless those fields are present.,171200000.0,2018-11-07,2020-07-31,2021-05-15,,work_order_issued_or_in_progress,Ongoing / conditional UAT approval noted in reply table,"Curated from KLA Council unstarred question 246, 14.09.2021 official PDF table as exposed by public web index; direct PDF download from this runtime timed out, so retain source URL and verify against PDF before legal use. Source table provides work order date and status, not contractor or successful-bidder identity.",,,,2.0,2.0,6.0,5.0,15.0,1903827.0,"['https://mangalurusmartcity.net/contents/7556550.10117057-818985.675350065.rar', 'https://mangalurusmartcity.net/contents/7556550.10117057-818985.675350065.rar#archive-entry=BOQ/mangaluruccc_rfp_volume-1.pdf', 'https://mangalurusmartcity.net/contents/7556550.10117057-818985.675350065.rar#archive-entry=BOQ/mangaluruccc_rfp_volume-2.pdf', 'https://mangalurusmartcity.net/contents/7556550.10117057-818985.675350065.rar#archive-entry=BOQ/mangaluruccc_rfp_volume-3.pdf', 'https://mangalurusmartcity.net/contents/7556550.10117057-818985.675350065.rar#archive-entry=BOQ/goods_catalogue_for%20refference2018may11.pdf', 'https://mangalurusmartcity.net/contents/6104404.0490428-1480365.87415031.pdf']",8.0,2017-02,2026-06-05,"['contextual_prior_award_candidate', 'official_status_observed', 'prebid_or_query_deadline', 'submission_deadline', 'technical_opening']",3.0,"['Madras Security Printers Pvt Ltd', 'Madras security printers private limited.', 'StepNstones Technologies Pvt Ltd']","['ICCC system provider and operations-support candidate', '1touchmangaluru app developer/provider candidate', 'ICT project management and engineering consultant candidate']",official_work_order_status_joined_contractor_gap,True,False,False,False,"Cannot claim verified contractor or successful bidder, award date, award amount from the current release.","Add a lawful KPPP/eProc, MSCL, or MCC award-register/export row for Command and Control Center Stage I that names the contractor/successful bidder and award amount/date.",promote_work_order_status_fields_only,Use joined official work-order/status fields as lifecycle evidence; do not use as contractor or successful-bidder truth.,171200000.0,True,False,True,True,Madras Security Printers Pvt Ltd; Madras security printers private limited.; StepNstones Technologies Pvt Ltd,Verified winner is not available in this release.
mscl_project_ee13937f67873a0f,Multi-Level Car Parking,https://mangalurusmartcity.net/project/32,Multi-Level Car Parking,tender_opportunity,rfp_reference,ongoing,,,940000000.0,911700000.0,,2018-08-24,2018-08-25,9400000.0,"Concession Period on mutual agreement basis after satisfactory performance, including construction period of 36 months",official_work_order_status_joined_contractor_gap,needs_manual_reference_review,83,Tender opportunity facts consolidate source-linked evidence; joined official work-order rows are not contractor/successful-bidder truth unless those fields are present.,,2018-11-07,2024-09-01,2024-09-01,,work_order_issued_or_in_progress,Revised LOA issued on 29.06.2020; bank guarantee received from concessionaire on 04.01.2021; final architectural plan submitted; concessionaire agreement signed on 25.08.2021.,"Curated from KLA Council unstarred question 246, 14.09.2021 official PDF table as exposed by public web index; direct PDF download from this runtime timed out, so retain source URL and verify against PDF before legal use. Source table provides loa date in work order date column and status, not contractor or successful-bidder identity.",,,,,,3.0,3.0,9.0,388927.0,"['https://mangalurusmartcity.net/contents/794321.913642027-42136.2357552402.pdf', 'https://mangalurusmartcity.net/contents/3105091.56114659-931368.74409913.pdf', 'https://mangalurusmartcity.net/contents/7596229.32765457-164556.029954395.pdf']",6.0,2018-01-27,2026-06-05,"['official_status_observed', 'prebid_or_query_deadline', 'submission_deadline', 'technical_opening']",2.0,"['RK Infrastructure', 'successful bidder unspecified']","['MLCP private enterprise / PPP partner lead', 'MLCP DBFOT successful bidder / concessionaire obligation lead']",official_work_order_status_joined_contractor_gap,True,False,False,False,"Cannot claim verified contractor or successful bidder, award date, award amount, work-order amount from the current release.","Add a lawful KPPP/eProc, MSCL, or MCC award-register/export row for Multi-Level Car Parking that names the contractor/successful bidder and award amount/date.",promote_work_order_status_fields_only,Use joined official work-order/status fields as lifecycle evidence; do not use as contractor or successful-bidder truth.,940000000.0,False,False,True,True,RK Infrastructure; successful bidder unspecified,Verified winner is not available in this release.
mscl_project_d865a11c5c97b1ea,Redevelopment of Central Market & Fish Market,https://mangalurusmartcity.net/project/1,"Redevelopment of Central Market & Fish Market in Mangaluru city on Design, Build, Finance, Operate and Transfer (DBFOT) Basis through Public Private Partnership (PPP)",tender_opportunity,quotation_notice,ongoing,OPEN,SERVICES,1140400000.0,,,2020-06-26,,8550000.0,Concession Period of 30 years (including construction period of 36 months for Central Market and Fish Market),official_work_order_status_joined_contractor_gap,ready_for_eproc_or_kppp_lookup,75,Tender opportunity facts consolidate source-linked evidence; joined official work-order rows are not contractor/successful-bidder truth unless those fields are present.,,2020-10-28,2024-09-01,2024-09-01,,work_order_issued_or_in_progress,LOA issued on 28.10.2020; bank guarantee and final architectural plans yet to be submitted by the concessionaire; notice and reminder sent on 31.07.2021.,"Curated from KLA Council unstarred question 246, 14.09.2021 official PDF table as exposed by public web index; direct PDF download from this runtime timed out, so retain source URL and verify against PDF before legal use. Source table provides loa date in work order date column and status, not contractor or successful-bidder identity.",,,,,,1.0,1.0,3.0,246966.0,['https://mangalurusmartcity.net/contents/9128360.93880625-1109525.33460922.pdf'],4.0,2020-05-26,2026-06-05,"['official_status_observed', 'prebid_or_query_deadline', 'submission_deadline', 'tender_issue_or_publication_date']",5.0,"['Somayaji Estates', 'unnamed Mangaluru-based concessionaire / city-based contractor', 'unnamed contractor']","['Central Market DBFOT concessionaire / project execution public lead', 'Central Market DBFOT concessionaire / investment public lead', 'Central Market DBFOT concessionaire / contract-award public lead', 'Central Market DBFOT concessionaire / executing contractor lead', 'Central Market construction contractor lead']",official_work_order_status_joined_contractor_gap,True,False,False,False,"Cannot claim verified contractor or successful bidder, award date, award amount, work-order amount from the current release.","Add a lawful KPPP/eProc, MSCL, or MCC award-register/export row for Redevelopment of Central Market & Fish Market that names the contractor/successful bidder and award amount/date.",promote_work_order_status_fields_only,Use joined official work-order/status fields as lifecycle evidence; do not use as contractor or successful-bidder truth.,1140400000.0,False,False,True,False,Somayaji Estates; unnamed Mangaluru-based concessionaire / city-based contractor; unnamed contractor,Resolved 2026-06-13: legacy hold note is preserved as source context only; display status set to ongoing. Report credited to Reddit u/Professional_Dot5920.
