year,geography_id,geography_name,geography_level,parent_district_id,parent_district_name,focus_role,area_type,table_basis,count_male,count_female,count_total,rate,within_area_count,outside_area_count,outside_state_count,source_id,quality_flag
2001,dakshina_kannada,Dakshina Kannada,district,dakshina_kannada,Dakshina Kannada,primary_district,RURAL,place_of_occurrence,8205,8395,16600,,16034,566,198,karnataka_crs_2001,
2001,dakshina_kannada,Dakshina Kannada,district,dakshina_kannada,Dakshina Kannada,primary_district,RURAL,place_of_residence,15467,15631,31098,26.55,16034,15064,,karnataka_crs_2001,
2001,dakshina_kannada,Dakshina Kannada,district,dakshina_kannada,Dakshina Kannada,primary_district,TOTAL,place_of_occurrence,21654,21718,43372,,24453,18919,1791,karnataka_crs_2001,
2001,dakshina_kannada,Dakshina Kannada,district,dakshina_kannada,Dakshina Kannada,primary_district,TOTAL,place_of_residence,20456,20492,40948,21.51,24453,16495,,karnataka_crs_2001,
2001,dakshina_kannada,Dakshina Kannada,district,dakshina_kannada,Dakshina Kannada,primary_district,URBAN,place_of_occurrence,13449,13323,26772,,8419,18353,1593,karnataka_crs_2001,
2001,dakshina_kannada,Dakshina Kannada,district,dakshina_kannada,Dakshina Kannada,primary_district,URBAN,place_of_residence,4989,4861,9850,13.45,8419,1431,,karnataka_crs_2001,
2001,mangaluru_city,Mangaluru City,city,dakshina_kannada,Dakshina Kannada,primary_city,ONE_LAKH_PLUS_TOWN,place_of_occurrence,6931,6839,13770,,7766,6004,1131,karnataka_crs_2001,
2001,mangaluru_city,Mangaluru City,city,dakshina_kannada,Dakshina Kannada,primary_city,ONE_LAKH_PLUS_TOWN,place_of_residence,4065,3949,8014,19.94,7766,248,,karnataka_crs_2001,
2002,dakshina_kannada,Dakshina Kannada,district,dakshina_kannada,Dakshina Kannada,primary_district,RURAL,place_of_occurrence,7926,7600,15526,,14854,672,238,karnataka_crs_2002,
2002,dakshina_kannada,Dakshina Kannada,district,dakshina_kannada,Dakshina Kannada,primary_district,RURAL,place_of_residence,13305,13054,26359,22.63,14854,11505,,karnataka_crs_2002,
2002,dakshina_kannada,Dakshina Kannada,district,dakshina_kannada,Dakshina Kannada,primary_district,TOTAL,place_of_occurrence,21939,21634,43573,,23194,20379,1553,karnataka_crs_2002,
2002,dakshina_kannada,Dakshina Kannada,district,dakshina_kannada,Dakshina Kannada,primary_district,TOTAL,place_of_residence,20951,20635,41586,21.82,23194,18392,,karnataka_crs_2002,
2002,dakshina_kannada,Dakshina Kannada,district,dakshina_kannada,Dakshina Kannada,primary_district,URBAN,place_of_occurrence,14013,14034,28047,,8340,19707,1315,karnataka_crs_2002,
2002,dakshina_kannada,Dakshina Kannada,district,dakshina_kannada,Dakshina Kannada,primary_district,URBAN,place_of_residence,7646,7581,15227,20.55,8340,6887,,karnataka_crs_2002,
2002,mangaluru_city,Mangaluru City,city,dakshina_kannada,Dakshina Kannada,primary_city,ONE_LAKH_PLUS_TOWN,place_of_occurrence,7490,7407,14897,,6146,8751,1048,karnataka_crs_2002,
2002,mangaluru_city,Mangaluru City,city,dakshina_kannada,Dakshina Kannada,primary_city,ONE_LAKH_PLUS_TOWN,place_of_residence,3051,3130,6181,15.23,6146,35,,karnataka_crs_2002,
2003,dakshina_kannada,Dakshina Kannada,district,dakshina_kannada,Dakshina Kannada,primary_district,RURAL,place_of_occurrence,9210,8651,17861,,17179,682,207,karnataka_crs_2003,
2003,dakshina_kannada,Dakshina Kannada,district,dakshina_kannada,Dakshina Kannada,primary_district,RURAL,place_of_residence,16514,15646,32160,27.43,17179,14981,,karnataka_crs_2003,
2003,dakshina_kannada,Dakshina Kannada,district,dakshina_kannada,Dakshina Kannada,primary_district,TOTAL,place_of_occurrence,23424,22015,45439,,27098,18341,1517,karnataka_crs_2003,
2003,dakshina_kannada,Dakshina Kannada,district,dakshina_kannada,Dakshina Kannada,primary_district,TOTAL,place_of_residence,22281,20788,43069,22.24,27098,15971,,karnataka_crs_2003,
2003,dakshina_kannada,Dakshina Kannada,district,dakshina_kannada,Dakshina Kannada,primary_district,URBAN,place_of_occurrence,14214,13364,27578,,9919,17659,1310,karnataka_crs_2003,
2003,dakshina_kannada,Dakshina Kannada,district,dakshina_kannada,Dakshina Kannada,primary_district,URBAN,place_of_residence,5767,5142,10909,14.27,9919,990,,karnataka_crs_2003,
2003,mangaluru_city,Mangaluru City,city,dakshina_kannada,Dakshina Kannada,primary_city,ONE_LAKH_PLUS_TOWN,place_of_residence,4208,3601,7809,18.65,7098,711,,karnataka_crs_2003,
2003,mangaluru_city,Mangaluru City,city,dakshina_kannada,Dakshina Kannada,primary_city,ONE_LAKH_PLUS_TOWN,place_of_occurrence,7048,6173,13221,,7098,6123,614,karnataka_crs_2003,
2004,dakshina_kannada,Dakshina Kannada,district,dakshina_kannada,Dakshina Kannada,primary_district,RURAL,place_of_residence,14708,13949,28657,24.28,13014,15643,,karnataka_crs_2004,
2004,dakshina_kannada,Dakshina Kannada,district,dakshina_kannada,Dakshina Kannada,primary_district,RURAL,place_of_occurrence,7173,6540,13713,,13014,699,221,karnataka_crs_2004,
2004,dakshina_kannada,Dakshina Kannada,district,dakshina_kannada,Dakshina Kannada,primary_district,TOTAL,place_of_residence,20572,19478,40050,20.34,23920,16130,,karnataka_crs_2004,
2004,dakshina_kannada,Dakshina Kannada,district,dakshina_kannada,Dakshina Kannada,primary_district,TOTAL,place_of_occurrence,21803,20685,42488,,23920,18568,1510,karnataka_crs_2004,
2004,dakshina_kannada,Dakshina Kannada,district,dakshina_kannada,Dakshina Kannada,primary_district,URBAN,place_of_residence,5864,5529,11393,14.45,10906,487,,karnataka_crs_2004,
2004,dakshina_kannada,Dakshina Kannada,district,dakshina_kannada,Dakshina Kannada,primary_district,URBAN,place_of_occurrence,14630,14145,28775,,10906,17869,1289,karnataka_crs_2004,
2004,mangaluru_city,Mangaluru City,city,dakshina_kannada,Dakshina Kannada,primary_city,ONE_LAKH_PLUS_TOWN,place_of_occurrence,6785,6276,13061,,7482,5579,103,karnataka_crs_2004,
2004,mangaluru_city,Mangaluru City,city,dakshina_kannada,Dakshina Kannada,primary_city,ONE_LAKH_PLUS_TOWN,place_of_residence,3914,3647,7561,17.23,7482,79,,karnataka_crs_2004,
2005,dakshina_kannada,Dakshina Kannada,district,dakshina_kannada,Dakshina Kannada,primary_district,RURAL,place_of_occurrence,7614,7110,14724,,14123,601,214,karnataka_crs_2005,
2005,dakshina_kannada,Dakshina Kannada,district,dakshina_kannada,Dakshina Kannada,primary_district,RURAL,place_of_residence,13393,13089,26482,22.28,14123,12359,,karnataka_crs_2005,
2005,dakshina_kannada,Dakshina Kannada,district,dakshina_kannada,Dakshina Kannada,primary_district,TOTAL,place_of_occurrence,21538,21445,42983,,24264,18719,1564,karnataka_crs_2005,
2005,dakshina_kannada,Dakshina Kannada,district,dakshina_kannada,Dakshina Kannada,primary_district,TOTAL,place_of_residence,20469,20308,40777,20.15,24264,16513,,karnataka_crs_2005,
2005,dakshina_kannada,Dakshina Kannada,district,dakshina_kannada,Dakshina Kannada,primary_district,URBAN,place_of_occurrence,13924,14335,28259,,10141,18118,1350,karnataka_crs_2005,
2005,dakshina_kannada,Dakshina Kannada,district,dakshina_kannada,Dakshina Kannada,primary_district,URBAN,place_of_residence,7076,7219,14295,17.12,10141,4154,,karnataka_crs_2005,
2005,mangaluru_city,Mangaluru City,city,dakshina_kannada,Dakshina Kannada,primary_city,ONE_LAKH_PLUS_TOWN,place_of_occurrence,7324,7371,14695,,8153,6542,1104,karnataka_crs_2005,
2005,mangaluru_city,Mangaluru City,city,dakshina_kannada,Dakshina Kannada,primary_city,ONE_LAKH_PLUS_TOWN,place_of_residence,4063,4233,8296,18.13,8153,143,,karnataka_crs_2005,
2006,dakshina_kannada,Dakshina Kannada,district,dakshina_kannada,Dakshina Kannada,primary_district,RURAL,place_of_occurrence,5146,4771,9917,,8093,1824,78,karnataka_crs_2006,
2006,dakshina_kannada,Dakshina Kannada,district,dakshina_kannada,Dakshina Kannada,primary_district,RURAL,place_of_residence,12280,11364,23644,19.82,8093,15551,,karnataka_crs_2006,
2006,dakshina_kannada,Dakshina Kannada,district,dakshina_kannada,Dakshina Kannada,primary_district,TOTAL,place_of_occurrence,18875,18360,37235,,15500,21735,1644,karnataka_crs_2006,
2006,dakshina_kannada,Dakshina Kannada,district,dakshina_kannada,Dakshina Kannada,primary_district,TOTAL,place_of_residence,17765,17135,34900,17.62,15500,19400,,karnataka_crs_2006,
2006,dakshina_kannada,Dakshina Kannada,district,dakshina_kannada,Dakshina Kannada,primary_district,URBAN,place_of_occurrence,13729,13589,27318,,7407,19911,1566,karnataka_crs_2006,
2006,dakshina_kannada,Dakshina Kannada,district,dakshina_kannada,Dakshina Kannada,primary_district,URBAN,place_of_residence,5485,5771,11256,14.29,7407,3849,,karnataka_crs_2006,
2006,mangaluru_city,Mangaluru City,city,dakshina_kannada,Dakshina Kannada,primary_city,ONE_LAKH_PLUS_TOWN,place_of_occurrence,7148,7382,14530,,6963,7567,1262,karnataka_crs_2006,
2006,mangaluru_city,Mangaluru City,city,dakshina_kannada,Dakshina Kannada,primary_city,ONE_LAKH_PLUS_TOWN,place_of_residence,4054,4342,8396,17.83,6963,1433,,karnataka_crs_2006,
2007,dakshina_kannada,Dakshina Kannada,district,dakshina_kannada,Dakshina Kannada,primary_district,RURAL,place_of_occurrence,4491,4149,8640,,7979,661,213,karnataka_crs_2007,
2007,dakshina_kannada,Dakshina Kannada,district,dakshina_kannada,Dakshina Kannada,primary_district,RURAL,place_of_residence,11011,10402,21413,17.65,7979,13434,,karnataka_crs_2007,
2007,dakshina_kannada,Dakshina Kannada,district,dakshina_kannada,Dakshina Kannada,primary_district,TOTAL,place_of_occurrence,18298,17285,35583,,17393,18190,2233,karnataka_crs_2007,
2007,dakshina_kannada,Dakshina Kannada,district,dakshina_kannada,Dakshina Kannada,primary_district,TOTAL,place_of_residence,16458,15672,32130,15.85,17393,14737,,karnataka_crs_2007,
2007,dakshina_kannada,Dakshina Kannada,district,dakshina_kannada,Dakshina Kannada,primary_district,URBAN,place_of_occurrence,13807,13136,26943,,9414,17529,2020,karnataka_crs_2007,
2007,dakshina_kannada,Dakshina Kannada,district,dakshina_kannada,Dakshina Kannada,primary_district,URBAN,place_of_residence,5447,5270,10717,13.17,9414,1303,,karnataka_crs_2007,
2007,mangaluru_city,Mangaluru City,city,dakshina_kannada,Dakshina Kannada,primary_city,ONE_LAKH_PLUS_TOWN,place_of_occurrence,9689,9131,18820,,8950,9870,1976,karnataka_crs_2007,
2007,mangaluru_city,Mangaluru City,city,dakshina_kannada,Dakshina Kannada,primary_city,ONE_LAKH_PLUS_TOWN,place_of_residence,4637,4535,9172,19.48,8950,222,,karnataka_crs_2007,
2008,dakshina_kannada,Dakshina Kannada,district,dakshina_kannada,Dakshina Kannada,primary_district,RURAL,place_of_occurrence,3387,3214,6601,,6082,519,3,karnataka_crs_2008,
2008,dakshina_kannada,Dakshina Kannada,district,dakshina_kannada,Dakshina Kannada,primary_district,RURAL,place_of_residence,9935,9467,19402,15.75,6082,13320,,karnataka_crs_2008,
2008,dakshina_kannada,Dakshina Kannada,district,dakshina_kannada,Dakshina Kannada,primary_district,TOTAL,place_of_occurrence,17850,17005,34855,,13873,20982,1456,karnataka_crs_2008,
2008,dakshina_kannada,Dakshina Kannada,district,dakshina_kannada,Dakshina Kannada,primary_district,TOTAL,place_of_residence,16722,15859,32581,15.64,13873,18708,,karnataka_crs_2008,
2008,dakshina_kannada,Dakshina Kannada,district,dakshina_kannada,Dakshina Kannada,primary_district,URBAN,place_of_occurrence,14463,13791,28254,,7791,20463,1453,karnataka_crs_2008,
2008,dakshina_kannada,Dakshina Kannada,district,dakshina_kannada,Dakshina Kannada,primary_district,URBAN,place_of_residence,6787,6392,13179,15.47,7791,5388,,karnataka_crs_2008,
2008,mangaluru_city,Mangaluru City,city,dakshina_kannada,Dakshina Kannada,primary_city,ONE_LAKH_PLUS_TOWN,place_of_residence,3537,3378,6915,11.63,6815,100,,karnataka_crs_2008,
2008,mangaluru_city,Mangaluru City,city,dakshina_kannada,Dakshina Kannada,primary_city,ONE_LAKH_PLUS_TOWN,place_of_occurrence,7984,7552,15536,,6815,8721,1384,karnataka_crs_2008,
2009,dakshina_kannada,Dakshina Kannada,district,dakshina_kannada,Dakshina Kannada,primary_district,RURAL,place_of_occurrence,3621,3267,6888,,6319,569,239,karnataka_crs_2009,
2009,dakshina_kannada,Dakshina Kannada,district,dakshina_kannada,Dakshina Kannada,primary_district,RURAL,place_of_residence,9453,8492,17945,14.49,6319,11626,,karnataka_crs_2009,
2009,dakshina_kannada,Dakshina Kannada,district,dakshina_kannada,Dakshina Kannada,primary_district,TOTAL,place_of_occurrence,17561,16096,33657,,16529,17128,1787,karnataka_crs_2009,
2009,dakshina_kannada,Dakshina Kannada,district,dakshina_kannada,Dakshina Kannada,primary_district,TOTAL,place_of_residence,16105,14740,30845,14.63,16529,14316,,karnataka_crs_2009,
2009,dakshina_kannada,Dakshina Kannada,district,dakshina_kannada,Dakshina Kannada,primary_district,URBAN,place_of_occurrence,13940,12829,26769,,10210,16559,1548,karnataka_crs_2009,
2009,dakshina_kannada,Dakshina Kannada,district,dakshina_kannada,Dakshina Kannada,primary_district,URBAN,place_of_residence,6652,6248,12900,14.85,10210,2690,,karnataka_crs_2009,
2009,mangaluru_city,Mangaluru City,city,dakshina_kannada,Dakshina Kannada,primary_city,ONE_LAKH_PLUS_TOWN,place_of_residence,3730,3530,7260,11.97,7007,253,,karnataka_crs_2009,
2009,mangaluru_city,Mangaluru City,city,dakshina_kannada,Dakshina Kannada,primary_city,ONE_LAKH_PLUS_TOWN,place_of_occurrence,7399,6919,14318,,7007,7311,1017,karnataka_crs_2009,
2010,dakshina_kannada,Dakshina Kannada,district,dakshina_kannada,Dakshina Kannada,primary_district,RURAL,place_of_occurrence,3925,3325,7250,,6359,891,370,karnataka_crs_2010,
2010,dakshina_kannada,Dakshina Kannada,district,dakshina_kannada,Dakshina Kannada,primary_district,RURAL,place_of_residence,8438,7692,16130,14.7,6359,9771,,karnataka_crs_2010,
2010,dakshina_kannada,Dakshina Kannada,district,dakshina_kannada,Dakshina Kannada,primary_district,TOTAL,place_of_occurrence,17818,16400,34218,,17483,16735,1939,karnataka_crs_2010,
2010,dakshina_kannada,Dakshina Kannada,district,dakshina_kannada,Dakshina Kannada,primary_district,TOTAL,place_of_residence,16101,14827,30928,14.8,17483,13445,,karnataka_crs_2010,
2010,dakshina_kannada,Dakshina Kannada,district,dakshina_kannada,Dakshina Kannada,primary_district,URBAN,place_of_occurrence,13893,13075,26968,,11124,15844,1569,karnataka_crs_2010,
2010,dakshina_kannada,Dakshina Kannada,district,dakshina_kannada,Dakshina Kannada,primary_district,URBAN,place_of_residence,7663,7135,14798,14.92,11124,3674,,karnataka_crs_2010,
2010,mangaluru_city,Mangaluru City,city,dakshina_kannada,Dakshina Kannada,primary_city,ONE_LAKH_PLUS_TOWN,place_of_residence,3631,3413,7044,14.53,6771,273,,karnataka_crs_2010,
2010,mangaluru_city,Mangaluru City,city,dakshina_kannada,Dakshina Kannada,primary_city,ONE_LAKH_PLUS_TOWN,place_of_occurrence,6682,6319,13001,,6771,6230,945,karnataka_crs_2010,
2011,dakshina_kannada,Dakshina Kannada,district,dakshina_kannada,Dakshina Kannada,primary_district,RURAL,place_of_occurrence,4530,3580,8110,,7003,1107,537,karnataka_crs_2011,
2011,dakshina_kannada,Dakshina Kannada,district,dakshina_kannada,Dakshina Kannada,primary_district,RURAL,place_of_residence,9384,8163,17547,16.21,7003,10544,,karnataka_crs_2011,
2011,dakshina_kannada,Dakshina Kannada,district,dakshina_kannada,Dakshina Kannada,primary_district,TOTAL,place_of_residence,17996,16225,34221,16.42,23269,10952,,karnataka_crs_2011,
2011,dakshina_kannada,Dakshina Kannada,district,dakshina_kannada,Dakshina Kannada,primary_district,TOTAL,place_of_occurrence,20081,18254,38335,,23269,15066,2575,karnataka_crs_2011,
2011,dakshina_kannada,Dakshina Kannada,district,dakshina_kannada,Dakshina Kannada,primary_district,URBAN,place_of_occurrence,15551,14674,30225,,16266,13959,2038,karnataka_crs_2011,
2011,dakshina_kannada,Dakshina Kannada,district,dakshina_kannada,Dakshina Kannada,primary_district,URBAN,place_of_residence,8612,8062,16674,16.64,16266,408,,karnataka_crs_2011,
2011,mangaluru_city,Mangaluru City,city,dakshina_kannada,Dakshina Kannada,primary_city,ONE_LAKH_PLUS_TOWN,place_of_residence,4437,4394,8831,18.03,8400,431,,karnataka_crs_2011,
2011,mangaluru_city,Mangaluru City,city,dakshina_kannada,Dakshina Kannada,primary_city,ONE_LAKH_PLUS_TOWN,place_of_occurrence,7923,7751,15674,,8400,7274,1196,karnataka_crs_2011,
2012,dakshina_kannada,Dakshina Kannada,district,dakshina_kannada,Dakshina Kannada,primary_district,RURAL,place_of_occurrence,4750,3468,8218,,7953,265,121,karnataka_crs_2012,
2012,dakshina_kannada,Dakshina Kannada,district,dakshina_kannada,Dakshina Kannada,primary_district,RURAL,place_of_residence,11559,9880,21439,19.78,7953,13486,,karnataka_crs_2012,
2012,dakshina_kannada,Dakshina Kannada,district,dakshina_kannada,Dakshina Kannada,primary_district,TOTAL,place_of_occurrence,21209,19014,40223,,25663,14560,784,karnataka_crs_2012,
2012,dakshina_kannada,Dakshina Kannada,district,dakshina_kannada,Dakshina Kannada,primary_district,TOTAL,place_of_residence,20751,18517,39268,18.5,25663,13605,,karnataka_crs_2012,
2012,dakshina_kannada,Dakshina Kannada,district,dakshina_kannada,Dakshina Kannada,primary_district,URBAN,place_of_occurrence,16459,15546,32005,,17710,14295,663,karnataka_crs_2012,
2012,dakshina_kannada,Dakshina Kannada,district,dakshina_kannada,Dakshina Kannada,primary_district,URBAN,place_of_residence,9192,8637,17829,17.17,17710,119,,karnataka_crs_2012,
2012,mangaluru_city,Mangaluru City,city,dakshina_kannada,Dakshina Kannada,primary_city,ONE_LAKH_PLUS_TOWN,place_of_occurrence,9010,8640,17650,,8633,9017,428,karnataka_crs_2012,
2012,mangaluru_city,Mangaluru City,city,dakshina_kannada,Dakshina Kannada,primary_city,ONE_LAKH_PLUS_TOWN,place_of_residence,4729,4648,9377,18.01,8633,744,,karnataka_crs_2012,
2013,dakshina_kannada,Dakshina Kannada,district,dakshina_kannada,Dakshina Kannada,primary_district,RURAL,place_of_occurrence,5142,3634,8776,,7764,1012,419,karnataka_crs_2013,
2013,dakshina_kannada,Dakshina Kannada,district,dakshina_kannada,Dakshina Kannada,primary_district,RURAL,place_of_residence,10447,8719,19166,17.8,7764,11402,,karnataka_crs_2013,
2013,dakshina_kannada,Dakshina Kannada,district,dakshina_kannada,Dakshina Kannada,primary_district,TOTAL,place_of_occurrence,19967,18276,38243,,22215,16028,2468,karnataka_crs_2013,
2013,dakshina_kannada,Dakshina Kannada,district,dakshina_kannada,Dakshina Kannada,primary_district,TOTAL,place_of_residence,17754,16266,34020,15.84,22215,11805,,karnataka_crs_2013,
2013,dakshina_kannada,Dakshina Kannada,district,dakshina_kannada,Dakshina Kannada,primary_district,URBAN,place_of_occurrence,14825,14642,29467,,14451,15016,2049,karnataka_crs_2013,
2013,dakshina_kannada,Dakshina Kannada,district,dakshina_kannada,Dakshina Kannada,primary_district,URBAN,place_of_residence,7307,7547,14854,13.87,14451,403,,karnataka_crs_2013,
2013,mangaluru_city,Mangaluru City,city,dakshina_kannada,Dakshina Kannada,primary_city,ONE_LAKH_PLUS_TOWN,place_of_occurrence,8204,8635,16839,,8931,7908,1475,karnataka_crs_2013,
2013,mangaluru_city,Mangaluru City,city,dakshina_kannada,Dakshina Kannada,primary_city,ONE_LAKH_PLUS_TOWN,place_of_residence,4370,4859,9229,17.18,8931,298,,karnataka_crs_2013,
2014,dakshina_kannada,Dakshina Kannada,district,dakshina_kannada,Dakshina Kannada,primary_district,RURAL,place_of_occurrence,4837,3426,8263,,7472,791,522,karnataka_crs_2014,
2014,dakshina_kannada,Dakshina Kannada,district,dakshina_kannada,Dakshina Kannada,primary_district,RURAL,place_of_residence,10296,8505,18801,17.58,7472,11329,,karnataka_crs_2014,
2014,dakshina_kannada,Dakshina Kannada,district,dakshina_kannada,Dakshina Kannada,primary_district,TOTAL,place_of_occurrence,20370,17894,38264,,21317,16947,2991,karnataka_crs_2014,
2014,dakshina_kannada,Dakshina Kannada,district,dakshina_kannada,Dakshina Kannada,primary_district,TOTAL,place_of_residence,17530,15204,32734,15.05,21317,11417,,karnataka_crs_2014,
2014,dakshina_kannada,Dakshina Kannada,district,dakshina_kannada,Dakshina Kannada,primary_district,URBAN,place_of_occurrence,15533,14468,30001,,13845,16156,2469,karnataka_crs_2014,
2014,dakshina_kannada,Dakshina Kannada,district,dakshina_kannada,Dakshina Kannada,primary_district,URBAN,place_of_residence,7234,6699,13933,12.61,13845,88,,karnataka_crs_2014,
2014,mangaluru_city,Mangaluru City,city,dakshina_kannada,Dakshina Kannada,primary_city,ONE_LAKH_PLUS_TOWN,place_of_occurrence,8871,8344,17215,,9447,7768,1867,karnataka_crs_2014,
2014,mangaluru_city,Mangaluru City,city,dakshina_kannada,Dakshina Kannada,primary_city,ONE_LAKH_PLUS_TOWN,place_of_residence,4967,4623,9590,17.3,9447,143,,karnataka_crs_2014,
2015,dakshina_kannada,Dakshina Kannada,district,dakshina_kannada,Dakshina Kannada,primary_district,RURAL,place_of_occurrence,4221,3158,7379,,6474,905,563,karnataka_crs_2015,
2015,dakshina_kannada,Dakshina Kannada,district,dakshina_kannada,Dakshina Kannada,primary_district,RURAL,place_of_residence,9327,7816,17143,16.13,6474,10669,,karnataka_crs_2015,
2015,dakshina_kannada,Dakshina Kannada,district,dakshina_kannada,Dakshina Kannada,primary_district,TOTAL,place_of_occurrence,21186,18335,39521,,22840,16681,3274,karnataka_crs_2015,
2015,dakshina_kannada,Dakshina Kannada,district,dakshina_kannada,Dakshina Kannada,primary_district,TOTAL,place_of_residence,18211,15463,33674,15.29,22840,10834,,karnataka_crs_2015,
2015,dakshina_kannada,Dakshina Kannada,district,dakshina_kannada,Dakshina Kannada,primary_district,URBAN,place_of_occurrence,16965,15177,32142,,16366,15776,2711,karnataka_crs_2015,
2015,dakshina_kannada,Dakshina Kannada,district,dakshina_kannada,Dakshina Kannada,primary_district,URBAN,place_of_residence,8884,7647,16531,14.5,16366,165,,karnataka_crs_2015,
2015,mangaluru_city,Mangaluru City,city,dakshina_kannada,Dakshina Kannada,primary_city,ONE_LAKH_PLUS_TOWN,place_of_occurrence,10332,8952,19284,,10015,9269,1995,karnataka_crs_2015,
2015,mangaluru_city,Mangaluru City,city,dakshina_kannada,Dakshina Kannada,primary_city,ONE_LAKH_PLUS_TOWN,place_of_residence,5368,4942,10310,18.03,10015,295,,karnataka_crs_2015,
2016,dakshina_kannada,Dakshina Kannada,district,dakshina_kannada,Dakshina Kannada,primary_district,RURAL,place_of_occurrence,3742,2614,6356,,6255,101,30,karnataka_crs_2016,
2016,dakshina_kannada,Dakshina Kannada,district,dakshina_kannada,Dakshina Kannada,primary_district,RURAL,place_of_residence,10646,8999,19645,18.61,6255,13390,,karnataka_crs_2016,
2016,dakshina_kannada,Dakshina Kannada,district,dakshina_kannada,Dakshina Kannada,primary_district,TOTAL,place_of_occurrence,22119,19264,41383,,22276,19107,2499,karnataka_crs_2016,
2016,dakshina_kannada,Dakshina Kannada,district,dakshina_kannada,Dakshina Kannada,primary_district,TOTAL,place_of_residence,19263,16623,35886,16.08,22276,13610,,karnataka_crs_2016,
2016,dakshina_kannada,Dakshina Kannada,district,dakshina_kannada,Dakshina Kannada,primary_district,URBAN,place_of_occurrence,18377,16650,35027,,16021,19006,2469,karnataka_crs_2016,
2016,dakshina_kannada,Dakshina Kannada,district,dakshina_kannada,Dakshina Kannada,primary_district,URBAN,place_of_residence,8617,7624,16241,13.81,16021,220,,karnataka_crs_2016,
2016,mangaluru_city,Mangaluru City,city,dakshina_kannada,Dakshina Kannada,primary_city,ONE_LAKH_PLUS_TOWN,place_of_occurrence,10627,9590,20217,,11172,9045,1902,karnataka_crs_2016,
2016,mangaluru_city,Mangaluru City,city,dakshina_kannada,Dakshina Kannada,primary_city,ONE_LAKH_PLUS_TOWN,place_of_residence,6094,5333,11427,19.37,11172,255,,karnataka_crs_2016,
2017,dakshina_kannada,Dakshina Kannada,district,dakshina_kannada,Dakshina Kannada,primary_district,RURAL,place_of_occurrence,2075,1866,3941,,3773,168,26,karnataka_crs_2017,
2017,dakshina_kannada,Dakshina Kannada,district,dakshina_kannada,Dakshina Kannada,primary_district,RURAL,place_of_residence,8225,7626,15851,15.12,3773,12078,,karnataka_crs_2017,
2017,dakshina_kannada,Dakshina Kannada,district,dakshina_kannada,Dakshina Kannada,primary_district,TOTAL,place_of_occurrence,20454,19149,39603,,21790,17813,2586,karnataka_crs_2017,
2017,dakshina_kannada,Dakshina Kannada,district,dakshina_kannada,Dakshina Kannada,primary_district,TOTAL,place_of_residence,17878,16801,34679,15.33,21790,12889,,karnataka_crs_2017,
2017,dakshina_kannada,Dakshina Kannada,district,dakshina_kannada,Dakshina Kannada,primary_district,URBAN,place_of_occurrence,18379,17283,35662,,18017,17645,2560,karnataka_crs_2017,
2017,dakshina_kannada,Dakshina Kannada,district,dakshina_kannada,Dakshina Kannada,primary_district,URBAN,place_of_residence,9653,9175,18828,15.51,18017,811,,karnataka_crs_2017,
2017,mangaluru_city,Mangaluru City,city,dakshina_kannada,Dakshina Kannada,primary_city,ONE_LAKH_PLUS_TOWN,place_of_occurrence,10632,9970,20602,,11399,9203,1662,karnataka_crs_2017,
2017,mangaluru_city,Mangaluru City,city,dakshina_kannada,Dakshina Kannada,primary_city,ONE_LAKH_PLUS_TOWN,place_of_residence,6027,5709,11736,19.29,11399,337,,karnataka_crs_2017,
2018,dakshina_kannada,Dakshina Kannada,district,dakshina_kannada,Dakshina Kannada,primary_district,RURAL,place_of_occurrence,1522,1521,3043,,2530,513,88,karnataka_crs_2018,
2018,dakshina_kannada,Dakshina Kannada,district,dakshina_kannada,Dakshina Kannada,primary_district,RURAL,place_of_residence,7446,7251,14697,14.11,2530,12167,,karnataka_crs_2018,
2018,dakshina_kannada,Dakshina Kannada,district,dakshina_kannada,Dakshina Kannada,primary_district,TOTAL,place_of_occurrence,18742,17919,36661,,20868,15793,2558,karnataka_crs_2018,
2018,dakshina_kannada,Dakshina Kannada,district,dakshina_kannada,Dakshina Kannada,primary_district,TOTAL,place_of_residence,17074,16483,33557,14.63,20868,12689,,karnataka_crs_2018,
2018,dakshina_kannada,Dakshina Kannada,district,dakshina_kannada,Dakshina Kannada,primary_district,URBAN,place_of_occurrence,17220,16398,33618,,18338,15280,2470,karnataka_crs_2018,
2018,dakshina_kannada,Dakshina Kannada,district,dakshina_kannada,Dakshina Kannada,primary_district,URBAN,place_of_residence,9628,9232,18860,15.06,18338,522,,karnataka_crs_2018,
2018,mangaluru_city,Mangaluru City,city,dakshina_kannada,Dakshina Kannada,primary_city,ONE_LAKH_PLUS_TOWN,place_of_occurrence,9721,9265,18986,,9160,9826,1942,karnataka_crs_2018,
2018,mangaluru_city,Mangaluru City,city,dakshina_kannada,Dakshina Kannada,primary_city,ONE_LAKH_PLUS_TOWN,place_of_residence,5059,4965,10024,15.97,9160,864,,karnataka_crs_2018,
2019,dakshina_kannada,Dakshina Kannada,district,dakshina_kannada,Dakshina Kannada,primary_district,RURAL,place_of_occurrence,1334,1302,2636,,2121,515,89,karnataka_crs_2019,
2019,dakshina_kannada,Dakshina Kannada,district,dakshina_kannada,Dakshina Kannada,primary_district,RURAL,place_of_residence,7306,6857,14163,13.69,2121,12042,,karnataka_crs_2019,
2019,dakshina_kannada,Dakshina Kannada,district,dakshina_kannada,Dakshina Kannada,primary_district,TOTAL,place_of_occurrence,18994,17704,36698,,19213,17485,2837,karnataka_crs_2019,
2019,dakshina_kannada,Dakshina Kannada,district,dakshina_kannada,Dakshina Kannada,primary_district,TOTAL,place_of_residence,16429,15453,31882,13.7,19213,12669,,karnataka_crs_2019,
2019,dakshina_kannada,Dakshina Kannada,district,dakshina_kannada,Dakshina Kannada,primary_district,URBAN,place_of_occurrence,17660,16402,34062,,17092,16970,2748,karnataka_crs_2019,
2019,dakshina_kannada,Dakshina Kannada,district,dakshina_kannada,Dakshina Kannada,primary_district,URBAN,place_of_residence,9123,8596,17719,13.72,17092,627,,karnataka_crs_2019,
2019,mangaluru_city,Mangaluru City,city,dakshina_kannada,Dakshina Kannada,primary_city,ONE_LAKH_PLUS_TOWN,place_of_occurrence,10050,9270,19320,,9381,9939,2044,karnataka_crs_2019,
2019,mangaluru_city,Mangaluru City,city,dakshina_kannada,Dakshina Kannada,primary_city,ONE_LAKH_PLUS_TOWN,place_of_residence,5242,4855,10097,15.59,9381,716,,karnataka_crs_2019,
2020,dakshina_kannada,Dakshina Kannada,district,dakshina_kannada,Dakshina Kannada,primary_district,RURAL,place_of_occurrence,1421,1340,2761,,2261,500,100,karnataka_crs_2020,
2020,dakshina_kannada,Dakshina Kannada,district,dakshina_kannada,Dakshina Kannada,primary_district,RURAL,place_of_residence,6608,6350,12958,13.4,2261,10697,,karnataka_crs_2020,
2020,dakshina_kannada,Dakshina Kannada,district,dakshina_kannada,Dakshina Kannada,primary_district,TOTAL,place_of_occurrence,16641,16114,32755,,17208,15547,3225,karnataka_crs_2020,
2020,dakshina_kannada,Dakshina Kannada,district,dakshina_kannada,Dakshina Kannada,primary_district,TOTAL,place_of_residence,14507,14007,28514,12.94,17208,11306,,karnataka_crs_2020,
2020,dakshina_kannada,Dakshina Kannada,district,dakshina_kannada,Dakshina Kannada,primary_district,URBAN,place_of_occurrence,15220,14774,29994,,14947,15047,3125,karnataka_crs_2020,
2020,dakshina_kannada,Dakshina Kannada,district,dakshina_kannada,Dakshina Kannada,primary_district,URBAN,place_of_residence,7899,7657,15556,12.59,14947,609,,karnataka_crs_2020,
2020,mangaluru_city,Mangaluru City,city,dakshina_kannada,Dakshina Kannada,primary_city,ONE_LAKH_PLUS_TOWN,place_of_occurrence,8501,8266,16767,,8521,8246,1858,karnataka_crs_2020,
2020,mangaluru_city,Mangaluru City,city,dakshina_kannada,Dakshina Kannada,primary_city,ONE_LAKH_PLUS_TOWN,place_of_residence,4608,4511,9119,13.65,8521,598,,karnataka_crs_2020,
2021,dakshina_kannada,Dakshina Kannada,district,dakshina_kannada,Dakshina Kannada,primary_district,RURAL,place_of_occurrence,1311,1242,2553,,13597,1903,75,karnataka_crs_2021,
2021,dakshina_kannada,Dakshina Kannada,district,dakshina_kannada,Dakshina Kannada,primary_district,RURAL,place_of_residence,7467,7183,14650,15.39,13597,1052,,karnataka_crs_2021,
2021,dakshina_kannada,Dakshina Kannada,district,dakshina_kannada,Dakshina Kannada,primary_district,TOTAL,place_of_occurrence,15598,14948,30546,,24405,3083,3058,karnataka_crs_2021,
2021,dakshina_kannada,Dakshina Kannada,district,dakshina_kannada,Dakshina Kannada,primary_district,TOTAL,place_of_residence,13257,12658,25915,11.68,24405,1509,,karnataka_crs_2021,
2021,dakshina_kannada,Dakshina Kannada,district,dakshina_kannada,Dakshina Kannada,primary_district,URBAN,place_of_occurrence,14287,13706,27993,,10808,1180,2983,karnataka_crs_2021,
2021,dakshina_kannada,Dakshina Kannada,district,dakshina_kannada,Dakshina Kannada,primary_district,URBAN,place_of_residence,5790,5475,11265,8.93,10808,457,,karnataka_crs_2021,
2021,mangaluru_city,Mangaluru City,city,dakshina_kannada,Dakshina Kannada,primary_city,ONE_LAKH_PLUS_TOWN,place_of_occurrence,8340,7933,16273,,6461,801,1979,karnataka_crs_2021,
2021,mangaluru_city,Mangaluru City,city,dakshina_kannada,Dakshina Kannada,primary_city,ONE_LAKH_PLUS_TOWN,place_of_residence,3743,3519,7262,11.02,6461,801,,karnataka_crs_2021,
2022,dakshina_kannada,Dakshina Kannada,district,dakshina_kannada,Dakshina Kannada,primary_district,RURAL,place_of_occurrence,1088,1089,2177,,1943,161,73,karnataka_crs_2022,
2022,dakshina_kannada,Dakshina Kannada,district,dakshina_kannada,Dakshina Kannada,primary_district,RURAL,place_of_residence,7895,7554,15449,16.46,14239,1210,,karnataka_crs_2022,
2022,dakshina_kannada,Dakshina Kannada,district,dakshina_kannada,Dakshina Kannada,primary_district,TOTAL,place_of_occurrence,17347,16752,34099,,26764,3341,3994,karnataka_crs_2022,
2022,dakshina_kannada,Dakshina Kannada,district,dakshina_kannada,Dakshina Kannada,primary_district,TOTAL,place_of_residence,14462,13957,28419,12.8,26676,1743,,karnataka_crs_2022,
2022,dakshina_kannada,Dakshina Kannada,district,dakshina_kannada,Dakshina Kannada,primary_district,URBAN,place_of_occurrence,16259,15663,31922,,24821,3180,3921,karnataka_crs_2022,
2022,dakshina_kannada,Dakshina Kannada,district,dakshina_kannada,Dakshina Kannada,primary_district,URBAN,place_of_residence,6567,6403,12970,10.12,12437,533,,karnataka_crs_2022,
2022,mangaluru_city,Mangaluru City,city,dakshina_kannada,Dakshina Kannada,primary_city,ONE_LAKH_PLUS_TOWN,place_of_occurrence,8924,8508,17432,,13040,2135,2257,karnataka_crs_2022,
2022,mangaluru_city,Mangaluru City,city,dakshina_kannada,Dakshina Kannada,primary_city,ONE_LAKH_PLUS_TOWN,place_of_residence,3986,3863,7849,11.04,7229,620,,karnataka_crs_2022,
2023,dakshina_kannada,Dakshina Kannada,district,dakshina_kannada,Dakshina Kannada,primary_district,RURAL,place_of_occurrence,1014,988,2002,,15219,1988,52,karnataka_crs_2023,
2023,dakshina_kannada,Dakshina Kannada,district,dakshina_kannada,Dakshina Kannada,primary_district,RURAL,place_of_residence,8306,7997,16303,17.58,15219,1084,,karnataka_crs_2023,
2023,dakshina_kannada,Dakshina Kannada,district,dakshina_kannada,Dakshina Kannada,primary_district,TOTAL,place_of_occurrence,16440,15832,32272,,24736,3479,4057,karnataka_crs_2023,
2023,dakshina_kannada,Dakshina Kannada,district,dakshina_kannada,Dakshina Kannada,primary_district,TOTAL,place_of_residence,13388,12896,26284,11.87,24736,1548,,karnataka_crs_2023,
2023,dakshina_kannada,Dakshina Kannada,district,dakshina_kannada,Dakshina Kannada,primary_district,URBAN,place_of_occurrence,15426,14844,30270,,9517,1491,4005,karnataka_crs_2023,
2023,dakshina_kannada,Dakshina Kannada,district,dakshina_kannada,Dakshina Kannada,primary_district,URBAN,place_of_residence,5082,4899,9981,7.76,9517,464,,karnataka_crs_2023,
2023,mangaluru_city,Mangaluru City,city,dakshina_kannada,Dakshina Kannada,primary_city,ONE_LAKH_PLUS_TOWN,place_of_occurrence,9066,8707,17773,,5765,27,2512,karnataka_crs_2023,
2023,mangaluru_city,Mangaluru City,city,dakshina_kannada,Dakshina Kannada,primary_city,ONE_LAKH_PLUS_TOWN,place_of_residence,3213,3040,6253,10.0,5765,488,,karnataka_crs_2023,
2024,dakshina_kannada,Dakshina Kannada,district,dakshina_kannada,Dakshina Kannada,primary_district,RURAL,place_of_occurrence,943,952,1895,,16064,2339,42,karnataka_crs_2024,
2024,dakshina_kannada,Dakshina Kannada,district,dakshina_kannada,Dakshina Kannada,primary_district,RURAL,place_of_residence,8651,8306,16957,18.59,16181,776,,karnataka_crs_2024,
2024,dakshina_kannada,Dakshina Kannada,district,dakshina_kannada,Dakshina Kannada,primary_district,TOTAL,place_of_occurrence,15726,15047,30773,,23212,3538,4023,karnataka_crs_2024,
2024,dakshina_kannada,Dakshina Kannada,district,dakshina_kannada,Dakshina Kannada,primary_district,TOTAL,place_of_residence,12541,12110,24651,11.1,23212,1439,,karnataka_crs_2024,
2024,dakshina_kannada,Dakshina Kannada,district,dakshina_kannada,Dakshina Kannada,primary_district,URBAN,place_of_occurrence,14783,14095,28878,,7148,1199,3981,karnataka_crs_2024,
2024,dakshina_kannada,Dakshina Kannada,district,dakshina_kannada,Dakshina Kannada,primary_district,URBAN,place_of_residence,3890,3804,7694,5.88,7031,663,,karnataka_crs_2024,
2024,mangaluru_city,Mangaluru City,city,dakshina_kannada,Dakshina Kannada,primary_city,ONE_LAKH_PLUS_TOWN,place_of_occurrence,8735,8314,17049,,4279,72,2513,karnataka_crs_2024,
2024,mangaluru_city,Mangaluru City,city,dakshina_kannada,Dakshina Kannada,primary_city,ONE_LAKH_PLUS_TOWN,place_of_residence,2390,2295,4685,7.36,4395,290,,karnataka_crs_2024,
